,Effect_Size,P_Value
Intel,-0.9341771686409938,0.9736340803140903
Google,-0.8573574822177102,0.9485028468483944
Microsoft,-0.8468188246288803,0.9478633112062788
Apple,-0.6978773308874557,0.9226635148942504
Samsung,-0.8909138286044068,0.9603439135244181
Nvidia,-0.9270749922181363,0.9716949460668844
Baidu,0.326270452516337,0.26658485198519744
Lenovo,-1.2008476183096854,0.9908181410757311
Huawei,-0.4576024031942574,0.8214731829970157
IBM,-1.0792959473157788,0.9851501281172572
NVIDIA,-1.1908699254507293,0.9896054691266365
Qualcomm,-0.6111430079321475,0.8796243848216219
Alibaba,1.076585874297881,0.01303926328223104
Tencent,-0.44236921297058246,0.8114771014840997
Xiaomi,1.1480137243109723,0.012458098190341382
Motorola,-0.48124297364822693,0.825419991573275
Nokia,-0.7850742106844819,0.9370693200161491
NVidia,-0.6776623660652523,0.9239492112024181
MicroSoft,-0.3688341140161734,0.76411914646233
GOOG,-0.6728795124658459,0.9169325081716223
nVidia,-0.8089768929881949,0.9490444362500611
Microsft,-0.9032778256020788,0.9699385229143971
Yahoo,-0.4637966106201297,0.8246097678519397
Broadcom,-0.5253361040575183,0.8647956511756998
MSFT,-0.6319172167546085,0.8954045432929796
Asus,-0.61631826844128,0.8976760617452086
MIcrosoft,-0.021868819278084914,0.5151301372270725
Hewlett-Packard,-0.3831785765917494,0.7875325482958665
Cisco,-1.0115928634712286,0.9775432313518396
TechCrunch,-0.12911615337815038,0.6099838970127116
Android,-1.6641635762016267,0.9992308634188974
Verizon,0.12815329656332616,0.39165214847969865
Rackspace,-0.8884784782004261,0.9600941919963152
Symantec,-0.5930135433324819,0.8749128355694387
Chipmaker,0.22750113467865377,0.322761584937177
Mircosoft,-0.2548286527636375,0.6778444297632583
VMware,-0.49228775950465586,0.8301472521712461
MediaTek,0.515363471079009,0.16633179090318218
Amazon,0.7322297704254608,0.07358105079831156
Flipkart,-0.6642131236117,0.9091363972018154
Foxconn,-0.6732696497359485,0.9236798229604477
chip-maker,0.6632136981240373,0.07780877491450533
nVIDIA,-0.41161068754707153,0.8182535186514152
ASUS,-0.6598991811081483,0.8993916641164645
Mediatek,0.7449199326360559,0.0712995340424889
Micrsoft,-0.07851761287511663,0.5520884155896902
HTC,-0.4063666322840017,0.7930374246130567
chipmaker,0.0682205553751558,0.4531376544672241
Zynga,0.006110703963324113,0.5193426887823845
Dell,-0.20914113930433337,0.6783978610554116
Uber,0.4084076803802317,0.20858566571898418
Cloudera,-0.956986600236847,0.9689088832267728
ASUSTeK,0.3914332294058556,0.20926218933055396
VMWare,-0.21773397947964043,0.6887458159731512
Spotify,-0.46598267642876595,0.8149414767314165
Facebook,-0.00829833426596171,0.5111471452556408
Salesforce.com,-0.7651245836686128,0.9279333736466977
Salesforce,-0.5363059652358224,0.8663726244038186
CNET,-0.23888570596802838,0.6643549015664086
ZDNet,0.1920804186713756,0.3750905856852872
Newegg,-0.3782050619390009,0.7758072049701996
Sony,-0.5077731607178696,0.8335409271220582
AMZN,-0.0698452921487652,0.5587529965766322
AllThingsD,0.7979690879331706,0.05494201963948597
Infosys,-0.4954553847736352,0.8294516267718204
Googles,0.00782858110464231,0.5073786386272459
microsoft,-0.27227408057736574,0.7189740995687033
Chipzilla,0.1887731525892884,0.35034490724833
AMD,-0.46354747408939545,0.8196137369770217
Goolge,0.41511364585265786,0.2128337831175846
CNet,0.8244082863565887,0.05392997287152168
Samsungs,0.6747267182531094,0.09454985087938506
Mozilla,-0.815648112708032,0.939198106342199
PayPal,-0.032905055332276785,0.5186783025852475
Toshiba,-0.5211868937754798,0.8514745783981851
Qihoo,-0.8317972446313955,0.9528336886940298
Dropbox,-0.7752704092772968,0.9472249441752085
Acer,-0.603722101085889,0.8944964329067261
GigaOm,0.6080552278503378,0.11417830619929847
Yandex,-0.3655771279932596,0.7865457368537799
Microsofts,-0.5310107612679362,0.8562250070365882
INTEL,-0.6450007434478667,0.8989282723339347
Akamai,-0.8469419611876129,0.9578176411198382
Asustek,0.19664234708267816,0.3694543625052319
ZTE,0.17334388484295873,0.3611018890094302
Cnet,0.21833819105729046,0.29974804178411807
TSMC,0.2850935267451403,0.2999644340447015
cloud-computing,0.12535079992852716,0.378177125155709
SanDisk,-0.04203900519195214,0.5470127284398834
VentureBeat,0.3275201567024277,0.2681610123479522
Logitech,-0.6988507324949063,0.9262905881869629
Netgear,-0.8021620145547056,0.9456551028134714
Vodafone,-0.9807571501829038,0.9766551120769361
NetApp,-0.9632131216404868,0.9777378186587764
LinkedIn,0.09591744086106435,0.43399834425650907
Accenture,-0.5290674666192898,0.8557124307070297
JPMorgan,-0.4022306444232424,0.7724001093075132
Techcrunch,0.07122840874149781,0.43880639072849714
PepsiCo,0.2771988150043962,0.28920008024949184
RedHat,-1.0248028285980957,0.9784464505941001
samsung,-0.14682284296296727,0.6118771606268755
Sandisk,0.5886844728020475,0.11761774235990252
SoftBank,0.34430421685420937,0.2712098766967085
Mashable,0.7652158964148159,0.06726971647581592
Boxee,-1.3103763714623533,0.9941599694057167
Citrix,-1.0406294532379796,0.9804349285461091
RackSpace,0.09471026172512771,0.41067057613626834
Gmail,-0.3151432574416761,0.7252806832400587
Adobe,-0.49028482993868827,0.8379491004222857
Synaptics,0.07139058837946279,0.46514469532187497
Techmeme,0.055293054277585636,0.44334163635449386
msft,0.8094125404547481,0.05198934637206831
EBay,0.5100833639263411,0.16397237165992662
NXP,0.10152635799643739,0.42195402917257174
Alcatel-Lucent,-0.2790743504826504,0.7122820340166823
Andriod,0.295579426307675,0.2960536186310123
RealNetworks,0.1329639050213481,0.3918497950537718
T-Mobile,-0.018007660741233743,0.5207080065030628
Verisign,-0.3659276071820685,0.7534194842817823
Fujitsu,-0.038648485906763605,0.5229195390469188
nvidia,-0.09983207181074455,0.5936374506113816
Fortinet,-0.39022292865423747,0.7881595814363523
InterDigital,0.30946342291473355,0.24868661327622998
NewEgg,-0.020654193971415002,0.49802333922529096
Motorolla,0.3977050981069839,0.2368456324458288
Andreessen,-0.7749073984593566,0.9510586236316751
Rambus,-0.514888402964443,0.8528126391817068
BestBuy,0.08386151417731764,0.4271804738726942
AAPL,-0.4958802069014105,0.8547659638548268
Engadget,-0.658772501286219,0.9099378947506493
Oracle,-0.7315579389187524,0.932615744515935
Freescale,-0.07008483555028337,0.5723530980648848
lenovo,-0.22771517337408878,0.6716574824007491
Joyent,-0.6349320586868574,0.9031744802974291
Vizio,0.33243376275456993,0.2585809737801653
Udacity,-0.5497797284885838,0.8685628041333207
Softbank,-0.4436144852357084,0.8169445859013584
Mellanox,-0.7301411274793095,0.924645020213528
Compaq,-0.3565629396051107,0.7642929580481044
SiliconBeat,0.30628998934444535,0.244949134382751
Novell,-0.7672623432069475,0.9427365539685008
Vmware,0.023827575317302663,0.48576169364342514
Wistron,-1.0703519476093157,0.9851496994542069
Cupertino-based,0.4021172664138622,0.2078144268917882
Andoid,0.437945786540141,0.1932294203660545
Inventec,-0.1335434222141853,0.6095410358900887
eBay,-0.010672582827374311,0.5043220692974739
Linux,-1.579035479531845,0.9995282925556525
ZDnet,0.5844332688709455,0.12510550110293583
Redhat,-0.626337088697859,0.8932586020613944
Viacom,-0.6367728958119241,0.9056020457371933
Telstra,0.05191525785933392,0.48238577814337025
ChromeOS,-0.6212592267975842,0.8707953430445166
Chromebook,-0.1426291361709104,0.6087799543653184
Boeing,-0.3416254259022319,0.7604772559954167
I.B.M.,-1.2692388077405665,0.9945668722236285
Intels,0.07877106681200009,0.4317565406935647
Pegatron,0.7156921236441867,0.07436596725311229
Gigabyte,0.44961754882265237,0.18278651642715094
Fusion-io,-0.384356993785561,0.8010445101786989
GOOGLE,-0.7593426526144161,0.9439833197508422
Ballmer,-1.3782015837146389,0.9971809040976936
Transmeta,0.1219311500800565,0.4145719306930825
Meizu,-0.6811206302068755,0.9226536638876028
Flextronics,-1.0043095060048142,0.9788592161177437
Intuit,0.10705744209218901,0.39302255586552437
Sumsung,0.3140455948964918,0.2762368533809876
SalesForce,0.11927915254833886,0.4035072893931442
GoogleTV,-0.9308062508563596,0.9697902869028111
AdMob,-1.1235286906651758,0.9893268587467015
Wipro,-1.0089923548178605,0.9774193284521597
OEMs,-0.021621344963691162,0.5192443468664572
Cringely,-0.7364729564335641,0.9341417606170326
MICROSOFT,-1.266631218650519,0.9933251887508194
Netflix,-0.3170062257711679,0.7120829737453531
3Com,-0.28720173230375207,0.7242209697741343
Microsof,0.7753157321379026,0.04927350478087256
Ultrabook,0.9559825997889111,0.03126120667895671
Kaspersky,-1.1895926193268904,0.9924012653329948
SpaceX,0.2437603018078445,0.3116345797022242
Spreadtrum,0.6909589629623158,0.07577638777458917
Otellini,-1.1256078720326483,0.9889942383730421
QLogic,0.12392027759545816,0.40844021285598875
Hortonworks,-0.5143785964070129,0.8454022868985975
Tesla,-0.8785540027358262,0.957523338048296
Atheros,0.10764357435140007,0.39751571372691086
SAMSUNG,-0.26218144309769975,0.6843272382308869
Seagate,-0.14528849271059158,0.6061931309675707
Teradata,-0.5302068197063963,0.8632565423353374
ViewSonic,-0.21176269989373125,0.686129448419461
Nasdaq,0.08820463843735625,0.4447175143004427
Neowin,0.011796822309171505,0.5040781857114347
QCOM,0.04148442262116957,0.46495504674392074
Pichai,-1.6929646834452223,0.9994481437646188
GigaOM,0.31615820981702936,0.25611972322611254
Fudzilla,0.4841563236241856,0.15331091246314732
Activision,-1.2114063487698634,0.9924521035757589
Viewsonic,-0.48734493712251165,0.8343444376533939
TechEye,0.17785093032370747,0.3835505395139349
qualcomm,-0.5941130571370742,0.8837487824593746
Citigroup,-0.6546210994106181,0.9023825244236405
Marketshare,-0.059229397078186787,0.5401971617500955
BlackBerry,-0.5243113135083407,0.8633994910699545
Cupertino,-0.07965023384421577,0.5868782756740787
GitHub,-0.549578795810931,0.8652875008306183
YHOO,-0.11017424797505669,0.5919937258494975
Wintel,0.5979412777565006,0.108595576166439
Hulu,-0.4146940565576052,0.7920902028907129
Tizen,-0.7852386954154028,0.9483437137923583
Zappos,1.0597639363483824,0.02023214669249518
WhatsApp,0.644601426299494,0.10157641998028288
SolarCity,-0.44602479173634213,0.8147512242625634
Github,-0.3689843299314991,0.7978983246710492
iCloud,-0.489777840979397,0.8274874533553118
PCWorld,-0.5562087518566188,0.8790871984875264
DoCoMo,0.25552048295019214,0.28667928117118935
RIM,-0.5128820430538757,0.8476850826645842
DisplayLink,-0.5104624324804391,0.8443331587192926
Razer,0.04115352034631778,0.4701785626406092
Singtel,0.573367906288663,0.13020156067029598
Blekko,-1.593966145815852,0.999416334137366
Windows8,0.5403309818987694,0.14632172221332707
Win8,1.0482148715965525,0.0172054229164591
SingTel,-0.15774709878472215,0.6132421640438508
Jen-Hsun,-0.4995611961691721,0.8537265934581425
Telefónica,-0.16578673345572023,0.6103011789993356
Nintendo,-1.0855161924188608,0.9836395785176139
Rovio,-1.4963452610816943,0.9988885294555376
INTC,-0.6371449000993191,0.8970797014951245
Zuckerberg,-0.7992523332737913,0.9399725126387607
VeriSign,-0.7727037365168536,0.939048867217039
H-P,1.3603737609795479,0.0031380216948453388
Alienware,-0.7603558062402938,0.9350768376671936
Android-based,0.6603546050785621,0.09339123173577257
Xerox,-1.0296863434288848,0.979085589027936
Evernote,-0.3441538781020568,0.7591205626181591
Smartphone,0.3349270817375227,0.2543743650455528
OnLive,-0.7170360325083295,0.9251821821850807
mocoNews,0.6585388092513211,0.08825087477221716
CyberLink,-1.0209610982048583,0.980384897671064
Zotac,0.6268951691942841,0.09063415290255938
Slashgear,0.09411074116410804,0.40801366218731483
Hotmail,0.25365233046836805,0.32180300290975494
smartwatch,0.9063526175735489,0.039058265149572224
Optus,0.3622589072817407,0.25709190318802233
DoJ,-0.24991194598160563,0.6888538850165842
Baidu.com,1.1100975785075664,0.012258291875824834
Netscape,-0.9931499168267859,0.9764928720785359
Emulex,0.18632488214449244,0.3429171222785521
Atlassian,-1.0419620714810225,0.9810792410860724
Lite-On,0.03307961437786887,0.47856849956969805
CISCO,-1.0076734391095308,0.9759037639128808
Gemalto,-0.05142685118335532,0.5439493328777356
Panasonic,-0.204372270347948,0.661772159949465
smartphone,0.08127982606553719,0.45724089840596616
ComputerWorld,-0.029067644242695208,0.5282678171176156
Bezos,-0.9214427835700596,0.967482083785943
Xilinx,-0.009606378701503968,0.5028107692840956
TigerDirect,-0.07632377241310047,0.5520330718730682
Appstore,0.3734213936346127,0.21760195652147274
Youku,0.8037114586174421,0.057980857805907116
TalkTalk,0.20880314849520357,0.34109331663892717
Deloitte,-0.6368476238845616,0.9060598289801048
ComScore,0.03831494869202659,0.4591693031168218
Telefonica,-0.14093169418151702,0.6000472731274638
Comcast,-0.4282264650215813,0.8146832041539078
BetaNews,-0.3176217057055417,0.7447814001182592
company,-0.32293008103923054,0.7356730169456
Ubuntu,-1.2297890751201588,0.9924532581551535
Google-owned,0.7358573855397482,0.07026076302895423
MeeGo,0.23330552871828372,0.29685624537963884
AOpen,0.5251076514426531,0.14149697016262897
SunPower,-0.3819726898183394,0.7720044940401143
Redmond-based,-0.15621078404099326,0.609156481432336
WiDi,-0.8364462354473425,0.9469559488261194
DropBox,-0.11142457585161306,0.5810887398582969
Slashdot,-0.7797787476902038,0.9413877040154077
Hadoop,-1.3840604988188214,0.9973259861102186
OpenCL,-1.2405180572573646,0.9923958953439047
WinBeta,-0.02816880959291553,0.4988641705568043
WebOS,-0.8129702322109935,0.9474363760363956
D-Link,-0.6606631337881883,0.8979400507249456
DELL,-0.2829112684058876,0.6940654577922754
Yammer,-0.2970296985439439,0.7326329923146924
BlueStacks,0.17516119753437062,0.35809375251304854
huawei,-0.4041358383377868,0.8007110642757105
Cyberlink,-0.7111431757895647,0.9240634670889873
Intel-based,0.3542811698494585,0.25536935444260955
GMail,-0.3072520355704656,0.7194829151036737
SwiftKey,0.8205334765428803,0.0586953398380472
IDG,-0.18282545855558197,0.6405208632024173
Xbox,-1.624800647712853,0.9991308688709931
EVGA,0.040717298621209604,0.4703307321222112
WMPoweruser,0.10365106704915876,0.40385795417840575
Chromebooks,-0.22876567017334543,0.6855633948377179
Waze,0.6473746876912673,0.09583639824051482
VeriFone,-0.5181231292215458,0.8407809187005981
smartphones,0.12169002374427337,0.3863059329677423
ibm,-0.29868053109469284,0.69730098167329
AdAge,0.36161858998615987,0.24076559625783556
foxconn,0.35241787804992486,0.23017870954546515
Supermicro,-0.4316069922343134,0.8036432792565664
Weibo,0.8397701681312527,0.04429134666963375
Vidyo,-0.21925207817817308,0.6701821390644491
Synnex,-0.47609920702908143,0.8212043186218236
Onlive,-0.5552323989395274,0.8663987212394694
VirnetX,0.5678628785816061,0.11971930216600235
Twilio,-0.33694948799097424,0.7578868695137284
AuthenTec,-0.3047331775850898,0.7200665928430566
Splunk,-0.7588108309674076,0.9412717964580158
techcrunch,-0.2863911215782421,0.691642357996363
APPLE,0.21231579176993626,0.3216139735279664
GoDaddy,0.9290023216518847,0.033205642181429296
Renesas,0.07995538994823981,0.44244527680642465
SDK,-1.1017389058514917,0.9843554451711803
Swype,0.20583331574579888,0.3666706417700303
Hisense,0.6794636560414562,0.07943148726719662
Polycom,-0.09775890980657209,0.5978315061285955
Shopify,-0.02888831377234188,0.537807067194384
HPQ,0.29813418025211824,0.2793739069975034
Chitika,0.382476814599174,0.23504600270173626
CyanogenMod,-1.6206294505087162,0.9994316299194029
Compal,-0.39938799579147904,0.8033727259818488
Clearwire,-0.2460398035133149,0.6967800482914304
Lexmark,-1.0058478879163433,0.9750921135912703
GeForce,-0.12936119335562804,0.5844812570690192
DOJ,-0.2425181835247977,0.6978229713052595
internetnews.com,-0.523604988977704,0.8575627799599232
ATi,-0.468423941328109,0.8541684031958124
iTWire,-0.16818064092796506,0.6288844527394283
DoubleClick,-0.19895122255426076,0.6529717069767949
KDDI,0.38293782538053334,0.22315234114961324
Airbus,-0.6847554162879496,0.9178517362920275
ReadWriteWeb,0.7469625273053068,0.06389692009942327
TiVo,-0.3756586373251666,0.7856740287909227
SUSE,-0.7362301014415333,0.9367862724027177
Outlook.com,0.7466026774156794,0.07257855629438492
Pepsico,0.2053111790965123,0.3473422284349994
TechSpot,-0.20652610059326976,0.65724090015173
Linksys,-0.28849698237516797,0.6952373751635579
Conexant,-0.43478655252848497,0.7970792670711202
Avaya,-0.02820063245802123,0.5195706664830777
Brightcove,-0.5570325541594872,0.8653778641207819
Android-powered,0.42380260632809547,0.2065606775481319
Safaricom,-0.7949661904242639,0.9453321073251709
pre-IPO,0.8352133277778498,0.052597897509222724
Zendesk,0.0483983465749742,0.47680609267938223
Netbook,-0.03182248100639541,0.554684587418376
Paypal,0.0985455509225843,0.42233786492838943
nokia,-0.12169065707179777,0.5821138200438231
ITProPortal,0.7776063388954083,0.05623504905672827
Nextag,-0.0030145836766506326,0.5069958804488991
iPhone,-1.075493622748441,0.9851530323084362
Gizmodo,-0.8843262084414595,0.9626260184526422
Atmel,-0.7986664920538061,0.9383871719515059
Walmart,0.4138814102105257,0.1987743227570189
engadget,-0.0021344408787530252,0.5201953600313581
Ebay,0.13945431187823595,0.37130250209482885
AdWords,-0.30679050115122836,0.7271697442072409
Bing,-0.01773055192406405,0.5112350119830358
Nike,-1.358719210846362,0.9975553265712832
Facebooks,0.7518765259950613,0.06803094540008381
chipset,-0.05680313262421153,0.520477313002013
Rakuten,-0.440424787985619,0.7848698620082489
Psystar,-0.19442385819885516,0.6508930105767747
Airtel,-1.3980229108574738,0.9967607462380653
9to5Google,-0.10053201124674868,0.579327922578441
McKinsey,-0.25455040675603124,0.6969501506558359
Pfizer,0.06484527263100913,0.44911498674946215
WebEx,-0.587758110317535,0.8824371850597368
SugarSync,0.2910416662956873,0.27673961213802156
iPhone5,0.6226586749106646,0.11705085671479587
Quora,-0.5324186200390802,0.8581932199357514
HP,-0.9943885970265125,0.971690103726623
OEM,0.027760228667409244,0.47456753770855353
Ultrabooks,0.694592474491239,0.08128530956551028
Realtek,0.255978363422314,0.3055704809704749
AppUp,-0.8733809197362533,0.9589031186880091
Scobleizer,-1.2455297320168466,0.9944776461976116
IPO,-0.1629751028585673,0.6258391041307584
marketshare,0.01622918758755793,0.48918752887899764
NOKIA,0.006630794574631813,0.49518902824093647
Phablet,-0.04337674638783245,0.5298274264124532
Windows,-1.3969998085192323,0.9978069980623253
Unilever,0.05665077729689671,0.4592184403727366
MasterCard,0.11641520136479147,0.4078341346092115
Hanvon,0.33070771207985733,0.24234882926927792
NetGear,-0.2807665794020024,0.6985381087634496
x86,-0.3781834311964714,0.7876813233832615
techcrunch.com,0.1380558684211296,0.4006526467089455
TomTom,-0.8412261787277483,0.947901204274374
Monsanto,-0.2599477557448967,0.7126339513841025
Xoom,-0.027571369692639774,0.5227207043954888
IBMs,-0.1787965058400976,0.6349110754344106
Comscore,0.53070766929042,0.14856705001428794
Radeon,-0.30188517287061023,0.7338549990338677
Autodesk,-0.6951454482426911,0.9236801911107897
AdSense,-0.4023766102202089,0.7928956464321593
iOS,-1.698830901431841,0.9995323900430254
companies,-0.2084389143887934,0.6672764589129989
GoGrid,-1.4327217950003714,0.9976156981797394
OSX,-0.4511784018490225,0.8172310892387529
Genentech,0.6940649694315676,0.0836101197047272
MacOS,-0.16010104292430202,0.6211245273139371
SiliconANGLE,0.7588925773157944,0.06397303274041155
Coca-Cola,-0.5983529567349535,0.8808094493940786
Vlingo,0.8254144079620025,0.04804922602817874
ExxonMobil,-0.5013101824797391,0.8487389404524688
Acxiom,-0.12949795904197645,0.5962862997101253
TouchPad,-0.7984085925017959,0.9429682950275623
Vyatta,0.7092974919955476,0.07590423141927749
TMobile,0.5450771692577516,0.1365321729330844
Ericsson,0.0984303732998525,0.40881371458958915
GetJar,0.3071212230050618,0.26128015844195396
Vringo,-1.404236284533543,0.996361989020079
SalesForce.com,-0.48934911852258484,0.8352073520900114
Ebuyer,-0.3005748538805339,0.7344352668789735
InterVideo,0.2751940718094149,0.2784944750056747
Amdocs,0.06485260095529709,0.459363172269062
Hynix,-0.34685029501526476,0.7703630474237416
Firefox,-1.0047432287160774,0.9773992743492893
FTC,0.5889563028775153,0.11322000320570935
Everex,0.08952979428484771,0.4162997920936081
Archos,-0.42269562614795836,0.8068245608151523
chipmakers,0.043328977919699474,0.46246588461109495
Flipboard,0.7196721772634436,0.0729364915110452
Gphone,-0.4761580517392778,0.8374544794679274
Zoho,-0.3037205536774403,0.7159952825922627
IE9,-0.7521772950016583,0.9347737174559856
Ouya,1.2806054673834424,0.0033682227783297103
Moto,-0.8121285596572944,0.9401254894673493
TeliaSonera,0.8291200062048532,0.043650491682625026
9to5mac,0.08970826790163419,0.437566375105361
iWatch,0.43114493236889867,0.2111614202541865
HUAWEI,0.9216288674515736,0.027600088098033382
Bitdefender,0.5094408150028725,0.16350665993413638
Tesco,0.017664355525899157,0.5054870660986233
Deezer,-0.6260156753394861,0.8957566019111851
SAP,-1.3078335693630758,0.9965870008692888
Neowin.net,-0.039122739118620346,0.5493163241560374
Newegg.com,-0.047327748227650575,0.5254326514871384
BBRY,-0.8699884479607395,0.955916057177554
X86,0.9595577580977331,0.032055522180335916
Postini,-0.6320783547662793,0.8981971795884808
Snapchat,-0.020677544977272214,0.520978997621198
OpenSocial,-0.3584395117446902,0.7783662662892186
Quickoffice,-0.5731253954779356,0.8721901605944622
ultrabook,1.3642490790066004,0.0031602442518293694
InformationWeek,-0.7340164463758395,0.9258472848774808
Godaddy,0.04866181997710827,0.4811189382002179
OpenDNS,-0.319906432709925,0.7389562622161681
System76,0.8373305251742502,0.049493509332534935
SugarCRM,-0.5272810339834177,0.859397518596474
Smartphones,-0.006181742784221225,0.5086718414183895
AltaVista,-0.511778706048671,0.843541089612282
Danone,0.5778071566973038,0.12074132168109863
Amazon.com,0.6390020453586275,0.08430258928059509
eMachines,-0.7562472188309072,0.9440136483766726
Alibaba.com,0.3922865593795638,0.1999684047948571
non-Apple,0.02502069770067833,0.4835631550385835
APIs,0.04660048393724455,0.4696330327462085
OpenStack,-0.4251122872805128,0.8071643538219906
PCMag,0.16580062171031487,0.37439748573069154
Daimler,-0.6340555968249275,0.9094271298594864
webOS,-0.900211654748759,0.9585551012896341
GeekWire,0.07639576264425149,0.4319950513579075
Chegg,-0.18582961718983632,0.6576496744172555
AppleInsider,-0.2689481782707641,0.7071039654526083
GPU,-1.2080969163688822,0.9923910347908457
XenSource,0.15773471576512793,0.3977177426897631
Box.net,-0.4668709513434275,0.8122045560585718
TechnoBuffalo,-0.35422568513654773,0.7723631168204323
motorola,-0.20671062416795663,0.6560049608979017
YouTube,-0.9498397578798718,0.9681689759975612
Docomo,-0.5263799603689834,0.8515910994797481
Geforce,0.08940195709796299,0.4379202233095504
Windows7,0.19647705212303518,0.32089286745433054
Wacom,-0.3940475277542662,0.7899426198944
OUYA,0.6160321125554523,0.11509998118203923
Marvell,-0.3026786272821208,0.7171371966584511
MicroStrategy,0.2646763843512832,0.2900819174540896
newegg,0.2156823011604762,0.34330183640563017
Napster,-0.777636030075702,0.9438228407474814
PwC,-0.5519103525813266,0.8683701328085709
F-Secure,0.4214969040032381,0.19971160203595328
BenQ,-0.09944325872539267,0.5699055462007296
Cooliris,-0.8924194835334913,0.9638437401584868
Blinkx,-0.4110665280700523,0.7907554300547845
China,0.196612390675858,0.3539491840133919
Canalys,1.0293036750574835,0.015329588602823185
Emachines,-0.39565263797509004,0.7984685327704812
ASRock,-0.05579877986148319,0.5360184774037362
telcos,0.29040846027061495,0.26111430123192825
InternetNews.com,-0.04042769611200666,0.5591732629248255
Win7,0.05774121955892443,0.4567917140344443
Sybase,-0.7944061535826606,0.9490423448855602
Gartner,-0.7853867941012616,0.9444558288708218
RIMM,-0.1329610895076748,0.5900078416911088
Exxon,-0.8220907620850695,0.9447501248246507
Citibank,0.0404856109940108,0.48061102840931635
Webkit,-0.3034022826869146,0.7435720976341321
telco,-0.24134968678886654,0.6945854437994444
Nortel,0.03202397791076692,0.4596677987464889
Buy.com,-0.19010379329515648,0.6736876315115483
Alcatel,0.012363366435109944,0.479979934210511
Gaikai,-0.9384827556485837,0.9715418635952348
NetSuite,-0.7018484829362047,0.9200979150369422
Admob,-0.6546690983385582,0.9043622439217666
NETGEAR,-0.2649578032753157,0.714436093155856
Ralink,-0.7294836773086419,0.9271334020636756
Icahn,-0.8255852176134292,0.9508320262344686
SkyDrive,-1.0925106745033284,0.9863446147923004
HSBC,-0.7597053135732261,0.9352389701460215
Canonical,-1.0602933495357005,0.9818157224415397
Thinkpad,-0.7711633775595205,0.9506135039387176
Powerset,-0.09841287249972311,0.5786569007125106
Visa,0.4703878517671191,0.1787482064902134
Spansion,1.0042568535178589,0.025113845329261086
LG,0.2295394801997011,0.3137139840856775
AOL,0.12944825130717394,0.4127612377763258
Twitter,-0.2792129883527721,0.7116394710342694
GameStop,-1.368908478158683,0.9973958290169109
Haier,-0.13880860919733756,0.6258064249280212
EMC,-0.5740797384184403,0.868225029294624
MVNO,1.3075274747262675,0.005263449770303685
Magento,-0.9764527291994797,0.9781867521142047
Touchpad,0.18701147624567255,0.35357118892992334
GottaBeMobile.com,0.07014744382541957,0.4471951137783502
Pepsi,-0.47790484885116863,0.8213137294425439
QuickOffice,-0.38944009382933764,0.7779802977645551
AWS,-0.781314364990375,0.9372013645944429
Nexus,-0.9509819336201916,0.9666466185855468
Appcelerator,-0.5961065973757945,0.885900404107486
ExtremeTech,-0.6495674807513765,0.9121154279988415
Malware,-1.3209045844460197,0.9951141479700991
HubSpot,0.028431982845617043,0.4675782123595129
Ubisoft,-0.8123711978372,0.9488347265468716
bloatware,0.5898027912643872,0.11812951425375118
Google.com,-0.14806058569253966,0.6045701131014795
Capgemini,0.12840178006065112,0.3985512185360234
Linkedin,0.013720247329774057,0.49961838439639494
3Par,-0.3802161261073078,0.7805158659321394
startups,-0.15037215263102283,0.6269352666232604
HTML5,-1.4486282888086133,0.9982163439934424
STMicroelectronics,-0.32815766594466195,0.7397248424146642
WiMAX,-0.8824843575592293,0.9615662236014795
Yelp,0.615013257419561,0.1072966148765182
OCZ,-0.6281105363888264,0.9025559195890056
CinemaNow,-0.23846648892852337,0.6771320889579379
Malwarebytes,-1.072423910389857,0.9862609925178267
phablet,0.5805677062956257,0.12403629995511056
Tudou,0.6438051346309563,0.10863182409863836
JetBlue,-0.0711083744316877,0.5911202494466723
Gameloft,-1.0014270230361877,0.9770060785944387
PandoDaily,0.8046713795186055,0.055701668010125216
LENOVO,-0.27289140972587916,0.692037344407731
Bestbuy,0.011231842147639906,0.4851382335132417
sony,-0.109038515896019,0.6139412256667716
Lytro,0.49037591158761845,0.14510682949784015
Netezza,0.11361374665835415,0.40263093252680526
OmniVision,-0.18976072573653643,0.6384994981615566
Techdirt,-0.6193172120553798,0.8961443106274295
Scoble,-0.9143271056420995,0.9620609441451837
BYD,0.7845820194955015,0.05382269629107639
Swisscom,0.9650134001639395,0.025266000228330365
Novartis,0.042099024092887335,0.478752636153316
Tegra,-0.41056014378487443,0.8080011121597207
Ideapad,-0.022730640205580962,0.5240917504461295
Raytheon,-0.4606530006240706,0.8292089873959715
RHEL,-0.9185284988490646,0.9653744726212395
VatorNews,1.075681505954403,0.012864399661693615
GIGABYTE,0.030819352921181667,0.4756660940182571
Antitrust,-0.8162540240737445,0.9408491660793485
WiMax,-0.8462466723284408,0.9473495374297076
DigiTimes,0.5588641754812019,0.13315650753598574
Toyota,-1.180178941527989,0.9914996564090589
Adaptec,-0.10812420682536582,0.5798708429199229
Valleywag,-0.9429609747193983,0.9715680642081373
KPMG,-0.34144037792483073,0.7504463408798356
iRobot,-0.2058701215804312,0.65527656203515
OpenFeint,-0.40452042833308066,0.7956314553927719
WebM,0.07162589593329563,0.44553437263901385
ATandT,0.39617006143000283,0.21150335800505027
Atari,-1.0773649609124232,0.9849546198859761
microsofts,-0.7863813502085029,0.9404538255428011
Viber,0.36607309274102867,0.24264026563941243
ThinkPad,-0.8982914951428699,0.9649252853690724
Electronista,0.2529922208386146,0.3183071013658587
Nestle,1.1102237201396492,0.015231286534193922
GE,-0.39891803643783974,0.7729944562973059
Chinavasion,-1.2475570072516857,0.9938802310220052
paidContent,0.7078547040007809,0.06741981657318996
multinationals,-0.0217156274352256,0.5106282576995862
Elop,-1.1090890099371389,0.9887157735074801
Frito-Lay,0.39329553351312874,0.21480618062767232
VZW,0.21569320812253914,0.3590951818531215
IaaS,0.9790955339944322,0.027411897512753525
Sonos,-0.2673454341399933,0.6962202208557813
XDA,-1.4915159296308975,0.9989840692311328
MakerBot,-0.6782365265861687,0.9191506869877886
Turkcell,0.40397153592035584,0.20766055316046728
Lumia,-0.48417594117283497,0.8305724057715129
Mastercard,0.020964733917138066,0.47687878286668717
Computerworld,-0.5878606438649137,0.8643209598635326
McNealy,-1.0728871193163116,0.9861513212151893
Etisalat,-0.9973969793675738,0.9735726744521721
Datacenter,0.2610663716313202,0.3098445571190358
Mozy,-0.5318257599119481,0.8713290976025736
DivX,-0.9316602736857532,0.9699114584593015
GMAIL,0.3406332738882019,0.25110547249695414
DisplayPort,0.14144640890139218,0.3952396877584866
CISPA,-0.5572176359359888,0.870838980738813
htc,0.09500683385986852,0.4211043360354756
Adsense,-0.3541568268451323,0.7804895691819894
Microsoft.com,0.3931380954520539,0.2176710493824865
T-mobile,0.5662334811335205,0.14245311732120436
BIDU,-0.6647115781757811,0.9010287342146556
Bazaarvoice,0.3019991127549799,0.25458805029353326
Altera,0.16005587034504107,0.3533792689854215
Citi,-0.5277909097791185,0.864677486906953
Anandtech,-1.0291986514731124,0.9820529245270614
OpenSolaris,-0.6835157003840164,0.9079223460387577
UEFI,0.810367724479955,0.06854499616045373
Open-Source,-0.9248552043084827,0.9646041172654592
comScore,0.31157331932787485,0.2719840993450432
Endeca,-0.5495484068374407,0.8566858672220086
Synopsys,0.96056012193061,0.02275021011381939
Nestlé,0.6439890524433418,0.09807017650265903
Microelectronics,0.2306299937241492,0.30729327223986147
QUALCOMM,-0.5439482311515433,0.8591202024958258
WinRumors,0.370030772498316,0.2392182927603166
XOOM,-0.07557672592692166,0.549892707102363
Skype,0.039596779644367565,0.48578653368000013
Apple.com,-0.4122766429696583,0.8018938733116404
MacRumors,0.11210737888019191,0.43762153094720924
Epson,-0.6843935790924512,0.9146699505999226
NetFlix,-0.34468840151223507,0.765297815593155
Vevo,0.6163287765410794,0.10962918332661697
Zillow,0.3347728127252571,0.23110638170283204
post-PC,-1.0602033146379966,0.9856671971709708
OpenX,-0.8732976254743937,0.9579903319434561
GPUs,-0.33806079450365906,0.7321906531814105
Quad-Core,-0.12754132922324296,0.6043648297438343
Iomega,-1.091832495221323,0.984281348649973
Computex,1.452696221613877,0.0025738414653379005
Telco,-0.04343252340913665,0.530809860335453
Googler,-0.2876619434364429,0.7215706045315378
iAds,-0.13450334768428224,0.6039965784948054
Doubleclick,0.5155610494823497,0.15995897208728627
Lindows,-0.4554234094768416,0.8171768708971936
Woz,-0.5810281673854399,0.874457069674889
Kaltura,-0.8143306523128379,0.9509386314894287
HealthVault,0.23887103646194988,0.31617763403966426
iPhones,-0.27845153857383115,0.7147082007879535
Taobao,1.5720346185949525,0.0005593882997345645
Fujifilm,0.6410818813982904,0.10271530466749557
McAfee,-0.40336206685893217,0.8124485233023456
TRENDnet,0.11089377177497586,0.39868602124042773
cnet,-0.09087991555844953,0.5620397173477768
Lodsys,-0.010099691963549982,0.5083671952052147
XBox,-1.0887636031300765,0.9880168730671041
Ask.com,-0.39708327514621466,0.7791417439005736
Glassdoor,0.5849645632117999,0.12581804172789723
Vuze,0.03352791139396733,0.46723551776878636
WebKit,-0.3702072770295482,0.7701286799504665
tech,-0.7139469994387901,0.9221402617759586
Zimbra,-0.432328147551316,0.8015314019645432
PowerVR,-0.6311799365005886,0.893016924545913
patent-infringement,-0.38278064934342354,0.7780547392272747
Roku,-0.7685352141345856,0.9464136754570701
Ecosystem,-0.41125429302374544,0.7999607237890607
Digitimes,0.15923916971253857,0.3789633952996967
Unisys,-0.3285125464114044,0.7500132490155693
Sinofsky,-1.31130893704383,0.9962560949844315
NASDAQ,0.2633822919901899,0.30274302229886985
PalmOne,-0.19839926270564961,0.6446996540832087
DreamHost,0.6540008430619395,0.09687488723650284
go-to-market,-0.48483669073447766,0.8363515004831589
broadcom,0.05845871612780856,0.4108896778198816
ultrabooks,1.011016938388023,0.020044390780421972
Set-Top,-0.536148669705186,0.8490707578572019
Honeywell,-0.15119100333704377,0.6122181791222496
WIndows,0.05807139321422698,0.4616514559530218
Lufthansa,0.06268161847674245,0.4346625549675346
Livescribe,-0.1930890884600894,0.6359920176376859
CompTIA,-1.1382912438057013,0.9907927877497225
Nimbuzz,0.5172187577450236,0.14618553228564934
chipsets,-0.02630160865569285,0.5268604276080158
FedEx,-0.5786701408476531,0.8818402031486043
Calacanis,-1.44785156599504,0.9974743967715409
Navteq,0.1625961039868712,0.35780127545826734
AnandTech,-0.6192617588621301,0.8860007571991795
crapware,0.99052861844172,0.024005924263793443
Ariba,-0.03837470516699836,0.5196446530036575
SuccessFactors,-0.9257293512577668,0.9659505580022595
LogMeIn,-0.6494665683349704,0.9053664497184517
iClarified,0.07901920509736406,0.4374277650328784
Wal-Mart,0.06941496297369959,0.43447882783117076
eWeek,-1.0202674309247126,0.9776587766632931
CUDA,-1.190809339928909,0.9923443988380777
Avnet,-0.220347520094501,0.6775336874799645
Sunnyvale,0.4726558164866693,0.17512971329707938
Tibco,-0.17739022875043878,0.633961977547335
Vodaphone,-0.06627967743711694,0.5484517877751189
3PAR,0.4306879205606196,0.20268627674076023
OSes,0.7772754401614885,0.067807171874957
iFixit,-0.8579101714786488,0.9577204028022098
Startups,-1.0792645702034132,0.9826576862127723
Brocade,1.4487146582819166,0.002396980982026009
3COM,-0.24333626296294675,0.6847481264960349
appstore,0.1888459786394012,0.3592698587461062
Telenor,0.22731849858575057,0.31917223007202566
Micron,-1.0910040408301405,0.9859815606415074
eMarketer,0.06622336279344264,0.44684262163653177
LastPass,-1.106517949726071,0.9877349117156878
antitrust,-0.7557020718598607,0.9333151898677742
Splashtop,-0.19492739110065885,0.6539933282578191
Plantronics,-0.25136326046507695,0.6764094676861296
Lucent,0.16074037571447855,0.3654601049008648
Adword,-0.3587969018754382,0.739813831922586
SONY,0.23148007379323093,0.3557206214313732
Coursera,1.3836077624877323,0.0034875706621377844
PhoneArena,0.6262043063547917,0.10676897232968252
MacMall,0.1250052059325277,0.37868757958334875
anti-competitive,-0.11341149634466857,0.5833295387892872
Foxit,-0.05974665494125789,0.5588533627084296
Phoronix,-0.15204333818501287,0.6061191391672862
TechRadar,0.04082295218629227,0.45947957564275466
DailyTech,-0.18732708082941518,0.6478706470608662
Merck,0.022525697178488274,0.4847901030767183
Agilent,-0.02872274317691542,0.538341540147047
Play.com,-0.11520593858193269,0.6028658949859689
SDKs,0.705295324416208,0.07415604295495837
Volusion,0.08007769124427908,0.44141976284772666
WP8,0.9870859173780653,0.02318100019218261
WP7,0.050374715263745665,0.4611034641848153
AstraZeneca,0.19387607898520914,0.3430215512233752
Exynos,-0.8670374745808134,0.9545160932769976
Cyanogenmod,-1.0861769348265489,0.9813536423107143
Onkyo,-1.2344662237423796,0.9943252855548732
iMessage,-0.06616557821493382,0.5490153742351527
HD-DVD,-0.4325528186928296,0.8066424221978796
Jolicloud,-0.34542284308028276,0.766482170777298
Telcos,0.45179022400181196,0.17518094821563857
Renren,1.2137085040551965,0.007610176942688618
BitTorrent,-1.5065293878180304,0.9987412326927452
WildTangent,0.6720391079542574,0.09537674704799459
PopCap,0.32067524496421806,0.2545517177920361
salesforce.com,-0.8011480863099901,0.9461066291191012
market-share,0.058263306236584676,0.4813947442636023
NSA,-0.4010144863033142,0.796698659489175
SonicWall,-1.0134810356986617,0.9778092368714517
Avira,-0.8839153877421168,0.9637949269116728
QNAP,-1.1704225950715452,0.9901401986710279
Elitebook,0.025881051189112443,0.4912296553071763
automaker,-0.40471483873255687,0.7816627605678024
toshiba,-0.011282357238194105,0.49703636033403287
GSMArena,0.2945111571332011,0.27175732089215165
MacDailyNews,-0.030726669321403603,0.5155902198131541
OpenSource,-0.8620641216503597,0.9577212419943204
BSkyB,-0.6350594379001828,0.9043109839345791
Zenbook,0.571622465721457,0.12008059311397745
GlaxoSmithKline,0.5669605081741154,0.11691566387938901
Xperia,0.4534158108393439,0.17785009637271942
Biogen,0.6647363661259424,0.09503645249110537
closed-source,-0.1967671913134554,0.6563337107246037
Starbucks,0.6674224887388709,0.0973334941228905
Bloomberg,-0.47441263509116977,0.8083897873672243
Mitel,0.27500653110437134,0.27706332080423524
AndroidPIT,-0.15629193177527617,0.6138199469402252
WSJ,0.2691987971417489,0.30097214681837925
asus,-0.04307995472112375,0.5372867671971377
HBGary,0.06842412877203612,0.45280205564865206
ORCL,-0.3839831153708562,0.7858907195262644
vPro,0.41840199359831165,0.22650388916933872
Acronis,0.40963627101299166,0.19930469075999713
Chipset,-0.08378284787339338,0.5547537486729994
CentOS,-0.21339842020680436,0.655665530018189
Siemens,-0.31884753599052,0.7173444947088556
Hitachi,0.14832131329814222,0.3615295502149073
Informatica,0.04375185628933469,0.4655409770759761
Sprint-Nextel,0.3755818254791199,0.21708843012022716
9to5Mac,-0.0466038098804021,0.5373905935913588
TIBCO,0.3957632724677753,0.18998268693910825
PCMag.com,-0.13951964605520778,0.6271583165103989
IE8,-0.5823680233377008,0.861645914785873
Semiconductor,-0.4861930145328593,0.8487333125913281
iWork,-0.3204672954282019,0.7567936433525113
Silicon,-0.9679040551408455,0.9701161996058277
SuSE,-0.8376483912024165,0.9534547002924788
NewEgg.com,0.08035232373020577,0.4230651341861089
Cr-48,-0.04487295461129336,0.5506697331940917
Adidas,-1.6518066838282628,0.9996268024727571
Proview,0.8253294856265402,0.045774903981681714
Xobni,0.055208635991750486,0.44458369538009135
23andMe,0.9124153162902268,0.03227576202556881
Sanofi,0.9088441543151399,0.03293569764974025
Volkswagen,-1.4046917764121454,0.9975865536075214
DARPA,-0.8415541737012859,0.9567769040418207
ActiveSync,-0.17710489652230998,0.6458518212862889
Eloqua,-0.4515924912436612,0.8286622776978685
McKesson,0.5061050306173064,0.1764894955904035
VP8,-0.022296647383823406,0.5149538268258631
Infineon,-0.610108833069571,0.8687649269873207
GlobalFoundries,-0.17523938656943855,0.6368693034256743
oDesk,0.36872914187277095,0.2179700190556617
Meego,0.7578483856658766,0.05873526576730248
verizon,0.9906362467585806,0.021557736609169376
mobile-device,-0.66845963679861,0.9121300504752878
BofA,-0.05909795717426585,0.5611724494740041
iPad3,0.2911219494310193,0.26650052605908925
Papermaster,-0.9478111001571107,0.9676778251657314
MetroPCS,0.3937257744346195,0.22597354047052987
FreeBSD,-0.9095348152567113,0.9636928727721437
Barclays,-1.1992426904880615,0.9918138204783847
PowerDVD,-1.4331814677818409,0.9979598153733158
Meebo,0.03395916810555332,0.4713108035788014
7digital,-0.7929519373782787,0.9478144325073701
Whatsapp,0.4017364585217609,0.18730474993919843
MyPhone,0.6080760045318347,0.11556525640391269
GSMA,0.6090822603474826,0.10241030478060453
AppleTV,-0.9701644315877143,0.9719909628332435
VR-Zone,0.04274082716539905,0.46766838957657775
superphone,-0.060878767241469546,0.5555876157525332
RightScale,-0.06408695627425547,0.5574461262183745
Corp,-0.8463030290982069,0.958228598983918
iTablet,0.2530004967367743,0.29790656240397106
Orkut,-0.3109879573469292,0.7294563368433044
Motherboard,-0.27809472271320557,0.6895245872125065
Cybersecurity,-0.24545660510731676,0.696062769127973
E-Readers,0.07478425531003399,0.42984034793003234
IDEOS,0.9327287453958639,0.03121652528303187
W3C,-0.5575402565029521,0.8766717009129349
gOS,-1.109573543786746,0.9832174939697417
Pixel,-0.5672051784039849,0.8634243038438463
Pantech,0.5007180539087893,0.15918560492873324
Sprint,-0.46013562195382673,0.8109750067347818
V3.co.uk,0.4958072392068064,0.17631871314448233
Atom-based,0.538807484954995,0.14537797392449303
WinMo,0.03898035831327274,0.4562654106384568
FaceBook,0.09689018763085692,0.44510522642344785
Kodak,-0.7945234722748814,0.9400523649161309
IE10,0.2953220104066418,0.28455124551310995
Medion,-0.622980924425445,0.8844122667026018
PaaS,0.1168384559513984,0.3932360440238911
BusinessWeek,0.5452985398945186,0.12830811051225854
E-Commerce,-0.30885530345865564,0.7183733788994429
ANDROID,0.06446397575951915,0.4688197713125932
Carphone,-0.35572441496937585,0.7605131239957312
OLED,-0.07240598864309361,0.5725404454926892
MobiTV,-0.34183624783592065,0.758636505988113
VIZIO,1.0385923055579576,0.016523208539290013
TechFlash,-0.3516290611016057,0.7503953362380018
VPN,-1.0454167631351956,0.9791114786341034
ThinkFree,-0.3891989868628545,0.7823515282860042
Iphone,0.14085890722130442,0.3946799787510207
DeNA,-0.339995210680854,0.744782935315575
Ticketmaster,-0.4488870124202101,0.8151257865854362
Tmobile,0.4561088509967192,0.1751893572900598
Googlers,-0.47554842677426673,0.8351490228342384
AppStore,-0.49319495445637085,0.8464552651233559
AmEx,0.30226326280711585,0.2581638643166829
google,-0.5651498158839204,0.8814501231053646
Atrix,0.4747745397546424,0.18874261070812226
Hackintosh,0.007310025629906257,0.5101311812636642
GSK,0.40465903752775234,0.20109513436318815
Webroot,-0.43443340583740797,0.8187234645092181
TechWeb,-0.3735656104119012,0.7555054063369087
Roxio,-0.06442843743037004,0.5666463652300119
IPhone,-0.6324629420316361,0.8959573511882188
MySQL,-1.4004782060178045,0.9971702600150946
DOCOMO,0.4016842804993802,0.19128525043527067
Hootsuite,0.2823627850599907,0.2917467700557492
AppEngine,-0.5264520580367706,0.8399210415684348
ABBYY,1.3006643351477039,0.0041819926222148585
CrunchBase,-0.3535504705187243,0.7598321495350584
personal-computer,0.43584541267784366,0.19451720902270242
SGX,-0.6189807080146787,0.9014810015672203
Liliputing,0.605758214915996,0.12951895635138388
TechHive,-0.006559114526093445,0.5149102830120396
Monoprice,0.4104677133956556,0.2105192151366433
baidu,0.3858087913929033,0.2044145553288148
Microchip,-1.1060391038497162,0.984791327954349
Enterasys,-0.6888609764088844,0.9117376687567695
MOTOROLA,-0.04198437204437316,0.5403351042921575
anti-trust,-0.5313315684324766,0.8468113125065904
AllFacebook,0.03369980577430119,0.5047732680854635
Bitcoin,-1.367106379262982,0.9968513610674501
SmartPhone,0.4364588141605827,0.19711176152762566
Groupon,0.0928226934245703,0.43072000100153296
Shutterfly,0.7159474436242138,0.06634002622756496
Cyrix,-0.3644644081777869,0.7658833730027151
Klout,-0.40613285181627073,0.7913130327237476
Publicis,-0.18113064575627702,0.6398576740352091
Averatec,-0.40231426387913144,0.7839462751247825
CSCO,-0.9038874618007035,0.9592599626180645
carmaker,-0.3714756740046575,0.7702939578096104
ZyXEL,-0.08398859337662733,0.5463877335023024
Telecom,-0.324918085869154,0.7498199000759057
Earthlink,0.013568809789799421,0.4927421735581553
China-based,0.6433958336080914,0.10701474189142446
BRCM,0.03972461142262966,0.448601181163512
Multitouch,-0.4141593469585389,0.7960826582778204
BuzzFeed,0.08182702391336925,0.4380967215714998
SoundCloud,-0.5114010253962485,0.8569491667042386
API,-0.9924791425511265,0.9764170713471915
PS4,0.5149244822761686,0.16486925937067465
OMAP,-0.6286513637337838,0.90440846169103
JBoss,-1.2377483177603523,0.9930986041614916
iPhone4S,0.5622575499311186,0.11878520869459719
SoCs,0.17871959571031398,0.35686262043312666
anticompetitive,0.08379389891742776,0.41834614142648496
ATI,-0.7044624342346253,0.9210277694967193
Avanade,-0.1285312146522965,0.6079533906565264
Thermaltake,0.60646962446348,0.12347128729516921
Gawker,0.1052147587257206,0.4023069938367261
Sophos,-0.19078658183517896,0.6754769824972314
Rdio,0.3113725713275566,0.26041037781713916
OS,-1.080306754663067,0.9856459825444214
MacBook,-0.06018782396461332,0.545147825166252
Bungie,-1.0682249882781145,0.9848909169461829
Appleis,-0.48225569530369744,0.8219437415730904
Nikon,-1.1310893506060833,0.9877088819037836
Xeon,-0.07244329879745082,0.5591697248682395
Plaxo,0.035684452050755405,0.49042735625549827
Netbooks,-0.4755777341889503,0.833773992480965
WWDC,-1.1144387874195896,0.9828680671599749
Adwords,-0.6469473128128531,0.8994981890376433
iAd,-0.3974734445542365,0.8040062952973697
OpenSUSE,0.5931912605366877,0.11066398951952872
Expansys,0.29511306564328077,0.2576921376547161
DirecTV,-0.6582906108409429,0.8925851472726749
Cleantech,-0.2119361441372285,0.6728574641192192
ESET,-1.4429372825468951,0.9980005625953489
CeBIT,-0.14974675333739543,0.6143863680744709
Antec,-0.12055306663995052,0.6040726112150275
Atos,-0.5748577970338709,0.8760359841891079
Linspire,-0.179738206511574,0.6167449296087131
Kobo,1.1910109581820036,0.008577459634851792
Optoma,-0.9811401894633426,0.9783698241569887
Gazprom,-0.5248347270603096,0.8649010384423694
Ubergizmo,0.31353304881608274,0.23829591921634552
Micromax,0.4964292169124357,0.16819834469041361
GoPro,-1.2428996596945983,0.9923796337323129
consumer-electronics,0.17588294202133192,0.3922452108162894
multitouch,-0.5049766236869074,0.8432739207606982
ARM-based,-0.3625496432867479,0.7656778297618565
Kinect,-0.9868381159159126,0.9722156367212551
XCode,-0.39056292508964624,0.7694528744366476
Execs,-0.5753686011355937,0.8685023449132584
Experian,0.5134687775167645,0.16824262063688744
ecosystem,-0.20696526809074733,0.6666446571265259
cross-licensing,0.5874589689650477,0.11288693710344311
Imation,-0.6033334833459486,0.8859181833465836
salesforce,-0.7006880980139707,0.9020467374264092
Tivo,-0.11840040691528067,0.5842202503227656
umpc,0.7063082119023433,0.07632735587834483
hackintosh,0.1509805339061123,0.3877615321015645
InfoWorld,-1.1670988630523735,0.9895168970682355
LTE,-0.5196805413977815,0.8520996115001856
Omniture,-0.91694154556129,0.9730015582929751
RIAA,0.32532846851093516,0.2481764542389575
UX,-0.19032573241056058,0.6551808057301283
CIO.com,-0.0638376691153759,0.5542021434928498
Symbian,0.1695008187385571,0.3709096335201072
Mattel,1.1701090209455411,0.00962332985830927
MobileCrunch,-0.5657014625569898,0.8643253807052761
Ciena,0.962258646152376,0.025618573519200827
eCommerce,-0.6180767192472976,0.8919138420457279
Pogoplug,-0.30026391147049686,0.7320469102335005
StarOffice,0.27068469426182645,0.2919406227207284
Airbnb,-0.07679133602918443,0.5535883779666501
MontaVista,0.4160019152703268,0.2043700619830503
WikiLeaks,-0.46095575763998153,0.8168502860707592
VirtualBox,0.6625964175498855,0.0973511167963299
Karbonn,0.14371132585615168,0.4201694902428096
ST-Ericsson,-0.04631762403984568,0.5363538652386275
Inktomi,0.14366619102880873,0.39214081743532003
Reddit,-1.173714553253147,0.991109987425648
Droid,-0.6240865516638056,0.888251510008697
Apps,-0.2937715014283412,0.7198767055508222
Sega,-1.1877036444177893,0.9929999616070081
Connectix,1.166383985395376,0.010725818299607615
ex-CEO,-0.5890362799559482,0.8816177000371159
Costolo,-0.9625533520991005,0.9759909009674594
MindTouch,-0.216885106749531,0.6597239917380765
Nuance,1.1329801742805703,0.011427095646510232
T-Mo,0.11401326030916939,0.4201065207586727
3dfx,0.03170151041261804,0.4743087422910901
Cognizant,-0.3206768940561792,0.7489496999940429
VAIO,0.6300306694995744,0.11626072991066971
Qantas,0.25573758851215594,0.31394831143173163
Gowalla,-0.5040992573857507,0.8342671990236854
MobileMe,-0.22558378548175562,0.6481235442624613
Ecommerce,0.1101689361231297,0.4207537797871638
Stardock,0.010432431147322719,0.4800273461359812
Skydrive,0.35531881459801473,0.22648039449811974
Walmart.com,0.314099207022741,0.28731317983182425
Itanium,-0.27203243443636727,0.7082398042398794
software,-0.7871814606810996,0.939514253773069
uTorrent,-0.4066877539149326,0.8022980751814681
search-engine,0.23370411453215847,0.330246464977352
quad-core,-0.29790981401995764,0.7300956120870143
e-commerce,-0.4379254038526274,0.8011477031636525
Coremetrics,-1.1004801282538204,0.9849702324893818
Automattic,-0.5947574462162939,0.8738879881553404
Quanta,0.150816019688629,0.3831109437004303
ADATA,0.7150863340694874,0.07583106846884302
Audi,-1.2059948013784911,0.9935418169783763
ballmer,-1.409968716426725,0.9977504159949936
Antivirus,-1.397090424895634,0.9973344729821506
netbook,0.1922132376459879,0.32004633212168265
ARM,-0.774276857684309,0.9391686524573932
VivoTab,-0.10283114929402128,0.5744697298850947
Softpedia,0.39806225017923236,0.2323645320527603
Razorfish,-0.3018271086272296,0.7339136402321814
mindshare,0.34696804813090826,0.2469003125758047
BestBuy.com,0.03598092841326039,0.47226652604022235
iPad,-0.6777155542123419,0.9129489299743235
Geohot,-0.861225425828443,0.9539143402846546
Maxtor,0.7372045530552767,0.0729472311408289
Redbox,0.6628157757848552,0.09155341581456056
Wikileaks,-0.7924701179172966,0.9384640319973702
Telus,0.35697584147343114,0.24011461403420054
EchoStar,0.12159033056539434,0.38687970658600324
android,-0.27545951234242805,0.7056703847152266
CIOs,-0.06486103536026548,0.5579649908289686
Ricoh,-0.8380843664971347,0.9467647675674304
Websense,-1.5496743619534565,0.9989346301906779
Bristol-Myers,0.1970363336819046,0.3414952185811796
Informix,-1.3980795855353907,0.9962685800743852
newegg.com,-0.24856766052149437,0.6870158458761892
engadget.com,-0.09064499421668988,0.5641900087206952
Shenzhen,0.45201279375251346,0.18073747285295183
UMPC,0.8968161049194675,0.03666098376415505
FOSS,-0.09676114799330919,0.5835122538818553
thinkpad,0.04243146784735287,0.4651418914472545
Viadeo,0.5258904103590304,0.14917847396720907
ThinkGeek,-0.7895234226976943,0.9395560670347676
Businessweek,0.22116197664896858,0.3279599847120426
Diageo,-0.6849516243234505,0.9035354893544324
Apotheker,-0.6108338390894207,0.8892722279543064
Imeem,-0.3990407118320673,0.7748950428760615
TeamViewer,-0.19694577761464335,0.6704233022990194
open-source,-1.3103359163163288,0.9961651757513921
SaaS,-0.7140410067235526,0.9244047174938418
Ibm,-0.016793605418340636,0.5143326558456681
Geek.com,-0.28917092078425144,0.7356296829819795
open-sourced,-0.19294998636957844,0.650434995441171
Vertica,-0.6976799400514861,0.91612716371706
CNBC,-0.12903280504020206,0.6133197232305335
Synology,-1.05045954633261,0.9795661955803129
TechNewsWorld,-0.5383920495885897,0.8391724447079718
CPU,-0.9230419547268487,0.9669867833445938
Amgen,0.26274302926963844,0.3026720126682495
datacenters,0.6909903452848769,0.09606596242058485
semiconductor,-1.0997130862611826,0.984014538354158
StubHub,-0.2361189651570916,0.6696705267303545
Semiconductors,-0.3200730759081554,0.738224567298687
Chipsets,0.18884778538407784,0.3665597002952231
Esri,0.4659186843816328,0.18685073459229284
Zune,-0.9741965899411859,0.9778138292509646
TELUS,0.5422680893705064,0.14875232560547302
MacBooks,0.9013929571047526,0.025840631728119012
WHQL,-0.5714049453707702,0.8777114488194879
Tech,-1.3059378564996733,0.9958092567177396
OpenOffice,0.04854368352556003,0.43912257140267286
Lucasfilm,-0.2855236088819321,0.7226360867987027
Dell.com,-0.8702439498541359,0.9652402741210615
Heroku,-0.9214733727440813,0.9710294402983444
AMDs,-0.09643831901279502,0.5788394178285953
Youtube,-0.8791181701910428,0.954915599402951
NVDA,-0.25089636822475747,0.6813305987555827
alienware,-0.2407911060246275,0.6861467399885977
USB3,0.4425317683003297,0.18080814439300663
Software,-1.2908220588218375,0.9951044285737667
OfficeMax,-0.7681012790072993,0.9348657898179287
EarthLink,0.2094690800881432,0.35105054984936224
Silverlight,-0.8835724341069902,0.9586864022371814
gizmodo,-0.6877726996804877,0.9124495358895217
dongle,-0.549591058449943,0.8716637866361162
RAZR,0.5942200484500872,0.1183607287990116
BitDefender,-0.08606592009585304,0.5688127187740644
Belkin,-0.6016025422475176,0.891058106834157
iSlate,0.151014102215902,0.3781108571539977
Loopt,-0.365039350249752,0.7536588521731685
VUDU,0.026388193631286767,0.5010394740793831
Overstock.com,0.019280144815041433,0.47621748791399743
Zinio,-0.09472146390528421,0.5414395260709406
Medtronic,0.2496036468871143,0.30688148465886056
OLPC,0.12078619759079537,0.3937461967350845
Quad-core,0.4967491709803121,0.16635217815177705
Seesmic,-0.22423678320993032,0.6694226896300648
Snapdragon,0.4023933764945734,0.21773551129852042
Hostgator,-0.785143297581843,0.9471249969427191
PlayStation,-1.242775843296849,0.993056431158407
adwords,-0.695336898240427,0.9203815800856601
CCleaner,-0.46798384655506853,0.80859183463779
opensource,-0.7925449709298452,0.9381594841640054
andriod,-0.14739117973531551,0.6086915776813012
Torvalds,-1.6853756875696313,0.9997646614651301
AirPlay,-0.6354940550407255,0.8895608100439787
Xandros,0.01888617399034841,0.49795330182615916
microprocessor,-0.292395694612058,0.7218700317137836
operating-system,0.7896826659138434,0.05397623967512577
Adweek,0.9122312983193906,0.03344473387951585
eVGA,0.49187001386270957,0.14357323730927574
Hackathon,-0.5575992093650568,0.8763103240659142
wp7,0.7379796854279208,0.07259034849903712
T-Systems,0.26213202479584335,0.29444983359897126
LXer,0.6568944092369317,0.08373126370249717
HDMI,-0.5056510684644534,0.8491770342157218
WPP,-1.17972271239105,0.9904736006132685
PCCW,1.186951317459084,0.010117109369929711
Corel,0.5143208762390382,0.1443946885164734
Pixar,-0.8424648784926152,0.9512200590104594
Sony-Ericsson,0.7227421603825152,0.0723217006779211
Expedia,0.2944201265180297,0.28592666768814023
Wondershare,0.32587782536676074,0.25326675799441833
Veoh,-0.02997642768614299,0.5387902136144063
EBAY,0.16776815010119647,0.38031098653113105
Priceline.com,-0.2818369391131545,0.7209635002818034
Touchsmart,0.5993779120808627,0.0945012768544845
LoveFilm,-0.36264131366494295,0.7807714291550184
Taleo,-0.7275610461480103,0.928269742387708
Startup,-0.3619067541316112,0.7836010630242123
LINUX,-0.40497915711726373,0.7908826379681055
DreamWorks,-0.7799558965599119,0.9416027629950123
Plextor,-0.13126878267586878,0.6189124040807852
Videotron,0.48924479193590004,0.16890481203227337
Companies,-0.21600401534788385,0.6477890674928151
LiMo,1.0133293156366572,0.021131138721334097
Snapfish,0.2508325145185796,0.31481931458602685
Feedly,0.021370920591505117,0.46843968530114954
SSDs,0.4077359137429035,0.20675819819985497
Asrock,0.07831795153378186,0.4432573593018825
Workday,-0.14457833100906592,0.6029304302048452
BMW,-0.8379478899803947,0.9501756954291554
Konfabulator,0.45915931863110276,0.18769480647986914
NASA,-0.6180352329917896,0.8830093205791036
IDF,-1.2494732663346928,0.9951483645224358
Xbox360,-0.8776364494302046,0.959391724778143
E-commerce,-0.46139771797071044,0.8307861321954948
X300,0.596621980389824,0.1293078516943218
Vonage,1.0012880748873292,0.023399438829574293
Chumby,0.5654477332407992,0.11874926349693604
StarHub,-0.23724316410278726,0.6919130382686864
Quantcast,0.1782603519255511,0.3602534341557573
GoToMeeting,-0.8498950173897456,0.953353691993696
NetBook,0.46767720051901496,0.1735275024010835
eWEEK,-0.24518364260323985,0.6891988620105917
Dual-Core,-0.4105252823102461,0.8018100577349354
competitor,0.06944045894948891,0.4643763844733272
WinZip,-0.10320155104106599,0.5803150111993639
motherboard,0.7829258205093258,0.057504299430199746
Trackpad,0.9681072058853597,0.023823001702863
Trolltech,0.5882194078540725,0.11359408611734123
MegaUpload,-0.4296295513522209,0.8041290473433843
Websphere,-1.09363511250544,0.985301070398953
HostGator,-0.11869030263019258,0.5991399875576177
Chowdhry,-0.43362800768890386,0.807440442729717
Garmin-Asus,0.9363063188389481,0.0309233293595621
Gamestop,-0.41981828845184294,0.803503041059322
Tellabs,-0.6352422843376356,0.9094654991424569
Matrox,0.2800984359875779,0.286730492688559
Greenpeace,0.07104179910662903,0.44245471435954087
PowerPC,0.6326215953365681,0.11339822767539398
PokerStars,-0.5102685651807987,0.8410530784973222
Siri,0.6946433091193284,0.0767368872988976
Picasa,-0.038875522507851895,0.5207398414260257
Live.com,-0.36974711531033105,0.7678310538236159
Benq,0.22303540043707737,0.32887066281750554
InvestorPlace,-0.19028727000352635,0.6562752338309117
Jawbone,-0.17978795375437304,0.649687351918828
JavaFX,-0.2353743161763812,0.6679506538496784
CapGemini,-0.41682885545723447,0.8030538116861665
Adtran,0.24461757719892765,0.3273934363934967
Hotfile,0.6028859418625155,0.1174339678518399
IdeaPad,-0.2532251109960001,0.6900520730839061
Jajah,-0.5725722379211995,0.8775064362138807
iDevices,-0.8528464603460003,0.9634862846923066
NewsGator,-0.3243647284703997,0.7432950422456669
Oppo,-0.3176684959203902,0.7390269281008526
Juniper,0.17528031382884432,0.3664378082021946
Mahindra,-1.3221115295615298,0.9948560809089388
OAuth,-0.06668208562857379,0.5482826759443981
Macbook,0.3021126569282278,0.2685250964742487
Celcom,-0.3570463104276769,0.7569170969977705
Navigon,-0.17553092365736853,0.6298265804117439
Windoze,0.18767546731946994,0.35922589124942794
Wimax,-0.6190782062430668,0.9065583470551817
Telkom,0.176574102672544,0.3455867040490851
Vodacom,-0.9640389118040009,0.9747894066214283
FiOS,-0.7380792573931398,0.9349985965339617
Maruti,-1.0888092035322214,0.9860171411180157
ThinkPads,0.39868832131546544,0.22681503868870756
Browser,-1.3772660929573641,0.9966142191480021
Nissan,-1.3160507763802947,0.9955489806401524
LinkedIN,0.12810142595148785,0.3969243074872716
GMSV,-0.12060698294084966,0.6069390591738665
Powermat,-0.7370230214249278,0.9413819478706352
Trulia,0.894729569165012,0.03655099456989841
FireFox,-0.8457456819144864,0.9578236046881374
Competitor,0.6218898036135115,0.11432339235381539
UBS,-1.0429206166798908,0.9797970279052661
Radioshack,-0.821502561071389,0.9440667074395945
firmware,-1.070981261388522,0.9821794596204108
Dongle,-0.8667200498729546,0.9644550414366665
Valve,-0.8674385988430119,0.9600859227084859
Bertelsmann,0.22049957329210595,0.32670717461818455
ESXi,0.26275329645399514,0.3044653049640764
cybersecurity,-0.266647186879871,0.6932032863918121
Analytics,-0.8519789862037841,0.9641487804288914
Ranbaxy,-0.10582811462323136,0.5842786206643015
OpenID,-0.3576137532974339,0.7790295236915803
TouchWiz,0.22316951070874425,0.33674843648150754
BoomTown,0.5261082384146047,0.1295734026394295
Volvo,-0.7460854933529463,0.9381084924471176
Grooveshark,-0.11463651407239919,0.5916383207613154
Chunghwa,1.1024876980857554,0.00889011906084114
Froogle,-0.023652860927604245,0.5270153646748186
ZAGG,-1.0872179635436994,0.9895940500826169
Gigabit,0.12083382157394867,0.3909415944030673
G-Slate,0.1294590544043523,0.40278452144313126
TripIt,0.05776622166343828,0.4325267472932657
Reseller,-0.02647883509793595,0.5294155730785374
cloud-based,0.17737800021301853,0.3702308128551117
Savvis,-0.9346726034112327,0.960789885356078
E-Business,-0.14054984935408868,0.6180925349162583
Cablevision,-0.40238453849472416,0.7890263435419251
Clorox,0.5569265551369412,0.13727365715758078
buy.com,-0.4466289119175847,0.8225151059085938
Eye-Fi,-0.21243899075508835,0.6250378047972817
Biostar,0.3286445689122603,0.2474360163543593
SDN,-0.33257494278597377,0.7411647602418854
Ativ,0.6951356514196384,0.08675803533526993
AirPrint,-0.4633642522025208,0.8223221014016447
Econsultancy,0.3304701815754789,0.27169098310753537
Riverbed,-0.7606091495868319,0.9347592510299247
Hyper-V,0.918347014159343,0.024103849205265537
Nokias,0.5781971369388191,0.1298081579759045
gmail,1.0472564678834075,0.016019842319553
Ponsel,-0.44579165217774525,0.8130461162940279
SourceForge,0.032468317036861954,0.45764771945759053
Chipotle,0.4979466005372978,0.16515254775782362
iPad2,0.8172766923396215,0.05699014345523978
iTunes,-0.14117187690421637,0.6148971299129533
XBOX,-1.4422812504386504,0.9972773719201131
paidContent.org,0.4297826272132306,0.20230108809888647
Firmware,-0.7483437133462865,0.9240349698849634
set-top,-0.7594391840053204,0.9329254517846205
DRAM,-0.4040380151634446,0.7898393781318487
Techland,-0.08439962152126146,0.5492408385172132
2013Google,0.9680640059763383,0.029624550823016182
BSNL,-0.6898839880512261,0.9224111867878891
BlueTooth,-0.19321610408904163,0.623832260438244
Friendster,0.027796200644536324,0.47915551467553663
IdeaCentre,-0.04353966022822072,0.5363121119643645
ITworld,0.09679105140540317,0.4336456460046212
Jaiku,-0.32421458604930165,0.756098544950617
Renault,-0.9006194303019284,0.9503399333254862
Nexon,0.5769455661583032,0.13708548076743354
Webtrends,-1.0428579977444479,0.9828980124537965
gdgt,-0.5226224298419372,0.8608429497239932
Aol,0.5398314414306409,0.14452782768773975
Moblin,-0.8299855951209709,0.9495617783037422
ecommerce,-0.3920860362494245,0.7986083027440385
DoD,-0.23147335440282116,0.6827269054752569
Bharti,0.5637788845512629,0.12774650160161105
Elance,0.2002003631638921,0.3605090621960826
Computing,-1.039332908227354,0.9768348984550279
Blodget,-1.2187099431122839,0.9909391032503039
Cuil,0.33372186327745496,0.24097448227899942
VEVO,0.9328256746986896,0.028342260322778978
Chrome,-1.6062832649729073,0.9992651059969356
PCIe,0.5055431321576284,0.1598082925307609
TOSHIBA,-0.2708566310853328,0.6935546117681511
Androids,-0.12459762267757926,0.6040216690982811
CEOs,-0.20145250497234826,0.6586019400796684
zynga,1.1466867729301735,0.008827778680861709
competitors,0.0008585295170889503,0.5025108520198363
Hachette,0.8347739316494255,0.04953340593582933
Telekom,-0.4272199965635655,0.8073130019874575
execs,-0.5483372086905632,0.8674166640975842
Vudu,-0.424705082712628,0.8068671048448952
anti-malware,-0.0266082794876126,0.5071181081976137
Bluetooth,-0.673432197636763,0.9178169222677746
Kongregate,-0.6941258881559749,0.9180505794884772
LibreOffice,0.31414928567484895,0.26206685257305884
datacenter,0.10947806967175974,0.4219339750099692
Laptop,-0.4657428279650494,0.8472110484933696
ZoneAlarm,-0.5586326086006143,0.8769288161250899
PeopleSoft,-1.1112886690148307,0.9886779000629529
Hitwise,1.011878364192789,0.0234805846549917
Fab.com,0.16673903170121754,0.3935967836051213
Blackberry,0.5500053262910737,0.13197818902387826
AMOLED,-0.15710729141096488,0.6285459574473435
ATRIX,-0.26640448396248817,0.6957750765962429
Gamepad,-0.3873073663991467,0.7553799157289368
apple,0.44445666829123015,0.17390432695783897
Cognos,-0.45071783254285336,0.8192931927009965
PalmSource,-0.16693403795099016,0.6089698507302395
Mophie,0.29218543690248033,0.2692316525731405
Kimberly-Clark,0.8890113230198002,0.027805021580635025
Encryption,-1.0522137612940168,0.9830610212374111
Zipcar,0.7266588602697426,0.06794874366560077
monopolistic,-0.017015356117739328,0.503614769798951
adCenter,0.4913781662072316,0.15957089390561385
GottaBeMobile,-0.018728840054882474,0.4961762209635687
Vaio,0.18843809049282273,0.3410249957537177
LimeWire,-0.7052229429406671,0.9188272897548084
Kindle,0.5952345659190421,0.11621490649202504
social-networking,0.736273167583849,0.07300744320835262
Infor,-0.33554634370630565,0.7456477347741138
Dreamhost,0.09125370312821694,0.41329566951863983
NZXT,0.6809183429423575,0.07790989316552843
IPv6,-0.8843438573150708,0.9625226816161583
Truphone,-0.14197906559422485,0.6191821075637887
Videocon,-0.7284442087943619,0.9331340501333916
FUD,-0.7005490491336639,0.9205361399637566
Xconomy,-0.3460083966057456,0.7464147920559967
iOS6,0.30797629453807146,0.2682763246160894
CareerBuilder,0.7870043721846157,0.05455602256673042
Edmodo,1.2909994465262635,0.00513070041260999
lumia,0.26840896596278446,0.31935409062838693
Mobipocket,0.44446412287115644,0.18390137743191248
SMBs,0.2653865698506742,0.2937949907224231
handsets,0.47379882522201305,0.17930556194240155
LVMH,-0.005633262862157092,0.49697394035956377
JSON,-1.0641882901443669,0.9834321005896166
MediaFile,-0.17403148760724482,0.6328966666861854
CDMA,-0.2969442103045602,0.7235672485153161
X360,-0.727428909838421,0.9277387187314268
Systemax,-0.46875121241299866,0.824290194492753
Cloud-Based,0.05100072278032837,0.4546466996715798
Sephora,1.47178702683333,0.0014596701996382189
I.P.O.,-0.3754025396775249,0.7809302303131769
Phones4U,-0.3691894291686752,0.7704377535666076
ANZ,0.03248983369989165,0.4710060432709129
Rakuten.com,0.21856828216084137,0.3141047359631799
3M,-1.3091753557312347,0.9960704322531848
Lovefilm,-0.7128815765356982,0.9177254807184099
SyncMaster,0.05010280544568405,0.4657100542773428
iMac,0.1499881945949776,0.3644388631264903
ITunes,-0.10335384028410023,0.5922783674327383
128GB,0.07936025297529942,0.4510119767815802
vmware,0.08386748955064205,0.44499977213652997
Playdom,0.4504786961749907,0.17141697981853365
automakers,-0.1234045864567363,0.6087208866678058
Froyo,0.22942137624931933,0.31621430828012986
Mandriva,-0.013811394557922576,0.5047697838762384
NYSE,0.011652200997682566,0.4838709088260692
Debian,-1.22098387226571,0.9928216519972166
patents,-0.3111860817940815,0.741493704483583
iSuppli,0.2484942832727503,0.31514111821142743
LexisNexis,0.08124480054663122,0.44459297539173004
Vistaprint,0.7996628163396734,0.05432895273020244
MyTouch,0.48513721203274696,0.1584940027034325
RadioShack,-1.6716623011230134,0.999592232996849
Glaxo,0.2249043329692984,0.3111152520043068
Force.com,-1.1855548565126057,0.9917380208256108
11.6-inch,0.6105806815653274,0.09785805680140458
DirectX,-0.1452892330660565,0.6023723896404689
Supercomputer,-0.7086774190157001,0.9244311592167617
Tektronix,-1.0603062302265502,0.9826672637082963
Mendeley,-0.0832201069896406,0.5485197102772619
Zend,-0.7591845207165528,0.9372940424794582
Playstation,-1.2538574804083018,0.9935842945421534
Ideos,0.856675395454992,0.05431641485094518
zune,0.2247919798517093,0.32610995318086533
Philips,-0.28452136374006465,0.7127830668637359
SoC,-0.2930177401070825,0.7296432397720496
KPN,0.5887044574308719,0.11632270109901777
trackpad,0.8018010767328412,0.061727124354184926
Garmin,-0.47619882343743364,0.8164718350382447
MacNN,0.1577032020618085,0.37282294108737835
Messaging,-0.6903073763476206,0.9340887114038982
Livefyre,0.012430678647792999,0.5003582016884756
Desktops,0.0958731410764751,0.43112834851434645
Dassault,-0.6270247876393775,0.9010800574274507
Electronics,-0.8252530530768445,0.9570033262915763
hardware,-0.7816027570458803,0.9390722679025238
Lockheed,-0.09998217159660172,0.5918529312527152
Dolby,-0.2567593368879598,0.6724849928376971
Virtualization,0.0012984935530099837,0.484800064492923
MS-DOS,-0.17556911726701993,0.6382566092383882
netbooks,-0.2068259163496882,0.6666462166292277
G.Skill,0.1615446373120313,0.3593387465681751
iOS5,0.3040814948572853,0.29500078564876775
Sametime,-0.8170452314283557,0.9504197591544784
Tata,-0.6187578061237947,0.9035794109730406
Netvibes,-0.5843796280991611,0.884847554966754
Digg,-1.075137321567352,0.9836997966241877
QNX,-0.4127432736538976,0.7901022582967008
SAIC,0.15909697570203363,0.37038671348928887
Sohu,0.14847241658028465,0.3888218744721168
XOM,-0.4616889011627961,0.823246796603023
IPhones,0.33368189322957004,0.25615963344981385
ShoreTel,0.35919503362134636,0.22455257370024095
LevelUp,-0.16725777125991928,0.6386930663280361
MIT,-0.7937471353548431,0.9472756387294219
BYOD,-0.11525039277099158,0.5864707833181029
Lycos,1.2435312107473449,0.006597406002076589
Xfinity,0.11351368373973174,0.39992309167985973
HDCP,-0.03522007348604069,0.5505613900007567
Ancestry.com,0.17105556273553926,0.37554598606884204
ATIV,0.15931220453763945,0.3577765152129634
Dopod,0.1638621383156121,0.3748106962780594
Unbox,0.6399052009873694,0.10079983106121138
Scribd,-0.023596260977629194,0.5270705316669375
100GB,-0.16437416805352634,0.6203605994195796
Handset,0.17929601763515995,0.35216325603544263
Zagg,0.0007192882799086083,0.5122179552696933
malware,-0.1872870992633841,0.6615474861653319
Mossberg,-1.1743523623078411,0.9916087707074996
DHL,-0.14525669023326554,0.6308799409440276
touchpad,0.6227111155555324,0.10046312742573116
Macromedia,-0.8274073168727436,0.9512098922155676
monopolist,-1.0771188314077582,0.9805259781290868
Executives,0.19487241900381763,0.36071383883693675
Chevron,-0.12122757582490547,0.6046823403671491
digitaltrends.com,0.4197343827678651,0.20381391468328758
S3,0.2037031643425458,0.3313088871550931
Server,-0.831076638559907,0.9495824608197417
t-mobile,0.538003559293488,0.1501626178250608
FierceWireless,0.7098599603072183,0.06786146291432571
Unix,-1.213251997385611,0.9908876883336408
SodaStream,0.02210660552826628,0.48510370484647625
Etsy,1.5052811369414003,0.0011808804290686092
SCO,-0.7162938627912365,0.9273539718285562
compaq,0.18028496279515724,0.34462892383301125
LifeSize,-0.40445733770754827,0.7938036029293587
apps,-0.32562354886071104,0.7307341617163428
X-Fi,0.04194006721760005,0.4660858166623595
Smartbook,-0.027984233609860458,0.5294429772790916
Cingular,0.1258356130959998,0.41591168851958626
WalMart,0.5807917083902814,0.11698045656435507
handset,0.19764453227310913,0.33874564917992633
EFF,0.12116713482579161,0.4162511348793966
CompUSA,-0.3483433784503869,0.7618530118298144
start-ups,0.149772836346975,0.3818434977330871
iTV,-0.23141665248213006,0.6768106020289822
Macbooks,0.25207243633911613,0.2976692571821431
ReadWrite,0.4600909682789733,0.1805879250302691
OpenOffice.org,-0.23855074925375525,0.6569771110944964
BIOS,-0.7859630847031769,0.9390016781391191
LivingSocial,-0.005427993244583248,0.4899405427557817
NoSQL,-1.1587931088798236,0.9904115100623528
Slideshare,0.4861895483515799,0.17060860505745756
Patents,-0.6140007502695498,0.8846256403460151
x86-based,0.08275030069816403,0.444860353093917
OneNote,0.12389578798640846,0.40371726180559975
Monster.com,0.105673178449351,0.4206290302049742
intel,-0.6203636212933241,0.8853776225204708
Telecoms,-0.09191957759830649,0.5634090211067256
Ryanair,0.3417815638165129,0.2534172630237933
Bravia,0.5690831290265885,0.12944794743555355
Brin,-0.027688147401632134,0.5195396689998582
CNNMoney,1.145717457218311,0.0094288085800871
third-parties,0.23425020592297627,0.3246334079756801
RunKeeper,-0.6854923294884807,0.924970104658596
DLNA,-0.47622377920429815,0.8284838290480654
IE6,-0.22093022564400475,0.6656874320976779
Opteron,-0.755986223070651,0.9416454222776357
CPUs,-0.09224326780821533,0.5761597141352657
APAC,0.40460998641155976,0.19812614315679555
openSUSE,-0.27812158934140296,0.7073101402140958
Comodo,-0.6373901555703705,0.8923077160951605
Computer,-0.9194715519638778,0.9671296711491982
e-Bay,0.5499175571266541,0.1414528194324982
Passbook,-0.24158664371258518,0.6730617255549987
MiFi,-0.19693078653033114,0.6580044603089854
vCloud,0.5497022359053748,0.1371491495982935
PriceGrabber,0.2129523311579349,0.3266916159531492
MarketWatch,1.0705883744723608,0.014255719658883947
silicon,0.00969906649007187,0.4747836776136407
linux,-0.6319488865639695,0.8950880989959304
GNOME,0.1885464526654723,0.3599776962477532
EeePC,0.03330600448019412,0.4753861118139806
ViewPad,0.013976581746892456,0.5088622315469029
ICICI,-0.617819225985228,0.8950669345622984
Compellent,0.3513527676524346,0.23627820829912904
Distimo,0.4146793008658861,0.22368079946979003
Smashwords,1.266587713048484,0.006795194389280557
Technologizer,-0.7929318148077721,0.9424861828893946
FCC,0.04553827194352225,0.4716068366485582
SquareTrade,0.05546770540116067,0.44742098399963737
Alvarion,-1.1078663657224321,0.9853982420234557
Hyundai,-0.8547700183124188,0.9570513252055168
fujitsu,0.10727235244753476,0.43089938584894383
GroupMe,-0.1430078435642547,0.6091839409508801
Unwired,-0.1471087336598085,0.6245324017418066
Linux-based,-0.20062250560541078,0.655410404453495
Whirlpool,0.824390759434842,0.04744039393688326
OQO,0.9903827016509938,0.021191275987260227
Apples,0.9439160118017967,0.03371440978824891
gpu,-0.10672169800304598,0.5812330521268558
TouchSmart,0.9653500176831918,0.024983450686585473
CommVault,0.44142195423938874,0.18468761848293092
Zong,-1.0283736457894854,0.9792682311620664
Herbalife,0.06713749976457842,0.4571808331921492
Halliburton,-0.6019080293970105,0.8912577745572926
PNY,0.01701557311075926,0.4793935089479896
Gracenote,1.2252421771101139,0.007339754847497715
3DTV,-0.02962624029598907,0.5125545001327848
win7,0.05719366944293506,0.4692308696054168
Hasbro,0.0006875811812416899,0.4983338879023287
JCPenney,1.3518245652845975,0.0033652732707227795
PadFone,0.3704876515771844,0.23554026400114114
windows7,-0.12315286804344192,0.5963047203538393
Aircel,-0.9152432760430387,0.9728271907056625
Coinstar,0.7755820830801173,0.06297753705968101
NBCU,0.5396423091627623,0.14062282451559582
slashdot,-0.5654249797023152,0.8605093606003702
Feedburner,-0.39095537245294215,0.803186363053798
Crytek,-0.812821497083594,0.9447750989196524
PricewaterhouseCoopers,-0.504075733035136,0.8484636911229626
datacentre,1.2700238225284357,0.006986528473121201
64-Bit,-0.23078553664093762,0.691381432729623
iBookstore,0.930004671838526,0.03130680421817911
NFLX,-0.2575093057562826,0.6947559751735118
ExactTarget,-0.48599198766876767,0.8454945912978487
NCSoft,0.8390129296247266,0.05056397257848444
India,-0.10101053067148638,0.5657771581243163
WolframAlpha,0.0046742652394635605,0.510784797095437
UMG,-0.9454431090551245,0.9734765967478952
Indiegogo,-0.1179743582726766,0.5950876560555314
virtualization,0.2016043170142064,0.3421524824150073
resellers,0.39243922073815934,0.21496098221822235
RapidShare,0.33644871589210035,0.2302018900708629
Megaupload,0.002341043549335365,0.49684750776747855
Coolermaster,0.19189167217951894,0.34901386166092707
AUO,0.8319836126783083,0.04956142799659635
Mini-ITX,0.9127441830223276,0.03922137712728402
OpenGL,-0.9328875819261527,0.9703898018875934
MediaPost,0.9639664764968304,0.021530715077087703
XFX,0.5903301516883587,0.11929587162228039
EliteBook,-0.5441825021141083,0.8594459473436216
Datel,-0.607536799486076,0.8837447215394505
Corning,1.0846427078936947,0.017689442236762387
amazon,0.5934775584659078,0.1176346473974983
Pwn2Own,-0.6297070309111831,0.8893539889194728
TracFone,1.3592353820691738,0.0028996697271583827
QlikView,1.549620065783138,0.0008401730933139673
userbase,0.9428131576768093,0.030277279967651505
iTune,0.5384128537425701,0.13527298338454563
m-commerce,-0.13348138847780927,0.6072895287012877
Spyware,0.4660505666317026,0.18848998206601464
motherboards,0.4996233998248448,0.17055922503892895
Ethernet,-0.4759544641419879,0.818256058775229
encryption,-0.8350044036034863,0.9573288964848812
Nirvanix,0.13554734304811453,0.41681084632597787
BizSpark,1.1205522784241246,0.01252034991166151
Hackers,-1.497744715201327,0.9984610368227079
In-App,-0.1647364722869644,0.6308847649186367
SOPA,-0.6239980670422272,0.8874922000157396
iOs,-0.34239106839927863,0.7489218913138516
Caterpillar,-0.6803599155658069,0.910269220932389
Shopzilla,0.5314303025061146,0.1485935757323339
Innovation,-0.4240748607588392,0.7932783081456931
Capcom,-0.7605482801245226,0.9401123314826373
Microsystems,-0.6167798038147639,0.8910513561870845
Pownce,0.4653383109472226,0.175492710910228
GREE,-0.6549529798392271,0.9033209029312632
Equifax,0.5599566373430712,0.12363565364557016
CloudAve,-0.05392590917436675,0.53994437616888
Anheuser-Busch,-0.48604199398553904,0.8432751248145659
MSI,0.6513362065152093,0.10569444059066635
IPad,-0.29386797328156716,0.7157777370311234
Rediff,-0.690809547749154,0.9159211873379899
InfoSpace,-0.20094558059918755,0.6469280865998488
USPTO,0.13934266911522478,0.3851811407996393
ClickZ,1.0250272934526048,0.023853069214662237
Epocrates,-0.7015163437845549,0.9160427304664633
GrandCentral,-0.2135976376750744,0.6550669947259768
Casio,-0.5258327398551228,0.847795905644524
Bittorrent,0.09521884123184118,0.4162965770412078
reseller,0.08794195997839178,0.4389743776835191
Targus,0.1872807467807979,0.35236675113613936
Optimus,-1.273835538461924,0.9952045811790657
E-reader,-0.09807997371313797,0.5859783817842832
Take-Two,-1.161525526238614,0.9900329250030188
GeoEye,0.6136541139987741,0.10684858355985238
CrunchGear,-0.5390917808906014,0.8672439806672447
Illumina,0.6160993825263218,0.1096263062087901
fanbois,-0.048850790437963275,0.5279824952147862
WebTrends,-1.0916145492464175,0.9841010088868497
SEOmoz,-1.1365504047792607,0.9881100312104798
NAND,0.11829216396860659,0.4109901802471072
Centrino,0.15001748455890768,0.37949098378061796
Alcoa,-0.808601174470269,0.9398630653892488
FourSquare,-0.4062363138744006,0.7933591039778993
Honda,-1.1515844578472751,0.9907773917181639
PLDT,-0.02397781844586378,0.5273580769182595
Swagbucks,-0.6480540587938676,0.90075866316251
geforce,0.5310012713127211,0.14256535211056298
technology,-0.445525486265941,0.8163538102811804
ClickBank,-0.8143410033007096,0.9454664520323731
multi-touch,-0.13709813024345432,0.6004770916748725
TI,-0.7054405911197936,0.9105120780236657
Windstream,0.674617573187739,0.0811711811072594
Kelkoo,-0.5977294517552318,0.8816323197445829
AntiVirus,0.44668939852927264,0.19007847892519414
MP3.com,-0.18455756285958771,0.6571596960442659
DDoS,-1.1102149146088847,0.9883371562596736
GDDR5,-0.6561851985341007,0.8857077059589631
Redfin,0.16194007218113415,0.3661364230836578
Cloud,-0.8950964242893311,0.9620993028108655
ShopSavvy,-0.0995410370574501,0.5966970607352644
Middleware,-1.5491376025108707,0.9990429171933357
Duracell,-0.760878683166823,0.9224142615844462
cyberattacks,0.43267485500754194,0.19076981861039588
Pottermore,0.8156850661038977,0.04980943344505506
cPanel,-0.7215768420353883,0.9247379808497398
Sanofi-Aventis,0.495562274854697,0.1422574785891172
LeapFrog,0.03330442864230962,0.47992739627045644
Xcode,-0.7945664071628725,0.9439823070321356
SDRAM,0.3636133000366271,0.24463714777438939
Genzyme,-0.12240220134148773,0.6118977959949929
Overstock,0.41549093907819845,0.19751047853225345
Leadtek,-0.1953345369530848,0.6247484375456113
Aiseesoft,0.43982706532559085,0.18220545619147943
Wireless-N,-1.1475730703527052,0.9873471120857676
Rockstar,-0.4906938779967664,0.856215592132705
Desktop,0.5818576317357007,0.12908375255825644
I9000,0.3211223587814656,0.26777700689785733
Resellers,0.15057396770874013,0.3807306305942888
HP-UX,-0.7584355259687827,0.9368523633836999
WorldCom,-0.055968081065110864,0.5381676775676183
8800GT,-0.02601199492905375,0.5182064132017393
Tumblr,0.27133284391395995,0.2883521643704545
BB10,0.6355325280654136,0.09282995076109601
64-bit,-0.43639743515981333,0.8161467207546903
Fujitsu-Siemens,0.06168182163237088,0.45177170014317114
imeem,0.6645782464643953,0.08934021277400905
NetBeans,-0.7484156635912811,0.9426072156303404
Foursquare,-0.9335690495709057,0.9737014478489602
PlayBook,-0.9019377763130124,0.959527799624526
IPOs,0.4497932736199033,0.1763864999323288
nintendo,-0.5477822592018219,0.8687870264070976
Woot,-0.026017314257472043,0.5134095036163308
Kyocera,-0.3746937639729772,0.7704751919229345
Cowon,-0.6499676671052894,0.9138883910568991
Macworld,-0.6914182032950579,0.9187613575829725
DDR3,0.0007386909069481768,0.4999443638197302
FriendFeed,-0.4932728128924558,0.8530238129537704
SSD,-0.32036591227213423,0.744711983403441
DMCA,0.16086547341245686,0.3828601088033927
FBI,-0.766314972253994,0.947416232093811
CES,-0.27952431053873755,0.6818735518176501
Drobo,0.24432951433866268,0.3274247299000711
dongles,-0.07404012730010895,0.5548785097864207
techies,-0.6794420887079193,0.9032176371398435
Pharma,-0.1006799120868418,0.5812685299411715
NDTV,0.2872730676423502,0.2924866120498282
virtualisation,0.38102259882384326,0.2280564608412724
e-Commerce,-0.3265336631973085,0.7506124675568413
iPlayer,-0.2938590425451194,0.7257514291306051
supercomputing,-1.0627722220903153,0.9814073144102021
Touchscreen,-0.0794179523147481,0.5749142619102486
Redmond,-0.5710338608362439,0.8728096824645554
Razr,0.7560373287847204,0.07370302425914077
Terabyte,-0.054093278709327966,0.5539625953525775
nForce,-0.2599822970649244,0.714521217733446
AccuWeather,-0.3637949386677699,0.7720106865919376
iRiver,-0.13034185693125672,0.6230106500646108
AllTheWeb,0.3918594733477706,0.21599969757929827
hackers,-1.146759302822123,0.9864144817886495
MySpace,0.13736367924746415,0.4064745279420968
XBMC,-0.9260906549173313,0.9659154140237725
ISVs,0.2179418436459327,0.3264750702015681
FPGA,0.02850891401342819,0.474463075114506
Greystripe,-0.14006487912851118,0.6061121478242057
Time-Warner,-0.19964539629037603,0.6554826737100823
xbox,-0.8501562392548923,0.9598421494421974
PCI-E,0.5790466615749622,0.11491491672649579
Giga,-0.08035269482193641,0.5533071260915103
IPTV,-0.826039883761573,0.9551630635791603
Lotus,0.1634715463646676,0.37485923690426404
SERPs,-0.009249102509981939,0.49343467293946586
BeOS,-0.6904587660200565,0.9169226444654086
zte,-0.2183466060403602,0.66833922229223
Playtech,-0.4407706215232738,0.8142932450133697
DealBook,-0.11942024708385084,0.5949237474993384
Xserve,0.7958800409161882,0.05868953209181571
Itunes,0.41651959094966573,0.19501651965183808
IDC,0.0628862694623254,0.4551400513629925
iphone,-0.20211144730015065,0.6571380696680531
Asda,0.7682184834703837,0.054768910713528296
Labs,-1.0445483955516401,0.9780784106587253
Aiptek,-0.5188570147694862,0.8470544985805535
OpenWorld,-0.38052799354880235,0.779161679139661
PhoneGap,-1.1019920738586704,0.9899265037018499
Orbitz,0.38115589972323866,0.21501224790198314
Microprocessor,0.17730763206544872,0.3592551406881195
Klipsch,-0.39561891230542556,0.7804015450292854
EULA,0.8782417171862873,0.046115799545529024
Open-source,-0.5650583288723747,0.8622329978659077
Dailymotion,0.5167718125954192,0.14843162570046298
Ford,-0.789667878718743,0.9466347921847846
Lexar,0.04988653155379834,0.4587260108808706
SCVNGR,-1.4330394615996067,0.9972196171787564
spotify,-0.0881630066260236,0.5522424572476724
DRM,0.12033220952034969,0.40785394770599304
IPHONE,-0.45482180795281335,0.8133417011658153
Konami,-0.8045104659903844,0.9454866826392848
Arris,-0.47526629976680956,0.8130070268374432
Developers,-1.2271606203883039,0.9918203939110787
Pentax,-0.5229525615612597,0.8538993226885454
Gadgets,-0.8238675299792285,0.9458062544275806
TweakTown,-0.43677576763904835,0.8250612200133399
McDonalds,-0.18671920125575653,0.6373351233794027
JVC,-0.40804158828614395,0.8109389597045629
Satyam,-0.9528479567321388,0.9701529355187255
Pandigital,0.9454543211405543,0.03199720665963057
Tellme,-0.08576519271462815,0.577827223941016
Mainboard,0.5413886041246027,0.1344178590999554
HCL,-0.07991844248854892,0.5816825074373055
ideapad,0.018146746971047026,0.48140659588654877
MicroSD,0.6888966258797941,0.0860782293324951
Pentium,-0.0818798520393977,0.5718004048247864
cybercriminals,0.5282132742607694,0.14407995421127828
Currys,-0.548891267270002,0.8632277887252454
N900,-0.4683991739477887,0.8187402938353191
AppExchange,-0.031398796641534804,0.5457880719628805
Gtalk,-1.3299597439706312,0.9947611283700087
Vivendi,-0.47396846454536484,0.8200948978915048
DealExtreme,0.08570537223176207,0.41599764742949763
acquirer,0.756194581825898,0.05597942957361712
microprocessors,0.1286483370773871,0.42456181915905844
Eventbrite,1.2307970462193916,0.006632509490164695
Gearlog,0.04999285851141635,0.4523582902225194
executives,-0.4343153294623562,0.8157508767591475
QuickTime,-0.5139776272870397,0.8544946133967538
jkOnTheRun,0.10378971358935751,0.43445558567326337
TechNet,-1.1617555083670112,0.9898378677161342
MediaSmart,0.09965773857797437,0.41179520359352073
DVD-RW,0.4135819914202884,0.17817714634036108
Goldman,-0.6182702467471859,0.8932574826776618
Attachmate,0.2280254748222194,0.31776021037363766
ZNGA,0.8503214095293414,0.05096245972438196
Padfone,0.7224761378958018,0.068174094195253
Instagram,0.6887695936149605,0.0802221053881721
ooVoo,-0.8671954580214555,0.9620584382397445
ISPs,0.200145108864233,0.3503733452865736
Univision,0.5124508779852087,0.1602133426286385
Inspiron,0.27493531938095767,0.3090157681761415
iMedia,0.7140891726609091,0.060485752092224954
Bwin,-1.0939747583726886,0.9852250997130113
AppleCare,0.40310372674278677,0.2068781313634982
CSR,0.7240818773280367,0.07798799585945293
Stanford,-0.6073399708361772,0.8927419901217122
Priceline,-0.02192464878210025,0.5309697781880233
EqualLogic,-0.4076618911364196,0.7862742969224619
Enermax,0.6295089530912478,0.10148679238253944
PowerDirector,-1.127636642815943,0.9916509696368974
Exadata,-0.14034977904887308,0.6138556981392684
NTT,0.17191438772678544,0.3684689701424009
32gb,0.3553984855019149,0.2556576170007634
Laptops,-0.5667856863097874,0.8790756214896212
Ferrari,-0.885934250929538,0.9673563049315087
MPAA,-0.6668195813243162,0.9120729295206953
Xfire,-0.8779930059206794,0.9526837243531421
Avast,-1.0196626388219174,0.980416066249022
iLike,-0.3174393362673215,0.7341836457706932
semiconductors,-1.06876518165607,0.9844347311942144
WinXP,0.39568203909172867,0.22793692935429777
Harmonix,-0.6523193003719485,0.9153471226617862
Memorex,0.21466573012519488,0.33608460276654595
FireWire,0.39760781803951084,0.22751811929001553
devs,-0.41848863351612686,0.8036394632881853
Trump,-0.015835916069259756,0.5148154730484085
Costco,0.4551900988008331,0.17739776066407242
eBay.com,1.0007876434647853,0.02363714652473481
Pinterest,1.6554568925034228,0.00043525575378444703
Multi-touch,0.10989460359310958,0.4078147988854992
Competitors,0.23150866022965383,0.31846141294492747
WiiU,0.19109336390143974,0.374013156279297
4G,-0.7101646090137486,0.9294785086728401
SEGA,-0.8946954275764811,0.9640835504206645
SGI,-0.6993700725804082,0.9264953225914632
E-Bay,0.1261383143963133,0.40041998176141025
Comixology,0.08953705059761716,0.41714376089830496
botnet,-1.200258361975114,0.9917132100643774
Hangouts,-1.1846410036824186,0.9896103858426618
CEO,-0.7556580068014901,0.934803607618782
VMW,-0.05703421173106382,0.5755365298693365
IE7,-0.3307763096861036,0.7291252302671569
e-tailers,0.4341425202261516,0.20767310643486137
LaCie,0.07567116605006131,0.43320624144745934
WinCE,-0.20568187508360747,0.6845597137706854
Phones,-0.01781799819896195,0.528622642538579
InBev,0.14629799677701796,0.3888827617817818
SlideShare,0.18877388681033044,0.3703986490897355
Mercedes-Benz,0.600566056613521,0.10958128565394298
Corp.,-0.5751362473796094,0.8938627219810288
consumer-focused,0.7490281717394291,0.06923681503640988
ISP,-0.24239129140063234,0.7169295264652438
Lionsgate,0.46631153082438626,0.17933777976907583
SSL,-1.6008266596685294,0.9992505270937819
IOS,-1.274299107060775,0.9943553104877667
Gamespot,-0.9671306829471371,0.9745953761399138
EV-DO,-0.04534569565722227,0.5535052332534898
Thumbplay,0.6381567012956884,0.11000590126605037
NewTeeVee,0.13290024599708822,0.3759237302468966
Cheezburger,-0.07896595497754469,0.5401993305622075
Technologies,-0.1763756826124116,0.6671059642432264
DiGi,0.6061452456760849,0.1160043709505767
Revision3,-0.708469038884554,0.9295525174924089
Macgasm,-0.18680796572179095,0.6574701495414429
StatCounter,-0.5995888225935992,0.90331254530935
Techie,0.37307707924005495,0.2322613864671772
Wireless,-1.1332608082170188,0.9905146906441761
64GB,-0.11542744512864336,0.6007371443082123
Gadgetell,0.0701475005325789,0.43096415341993244
Albatron,0.5241925506899696,0.14705386107037888
e-reader,0.5932040429419968,0.11515460042847514
Woolworths,0.8163572046269263,0.04964609854345503
Gadget,-0.3592514446466821,0.7525652355031442
Huang,-0.26925875025770785,0.6946930899754424
Earnings,0.05864598082499178,0.45092684114842674
E-Reader,0.5246082307005124,0.14171148665928301
apple.com,-0.10394896542939203,0.5926207740894834
Eyefinity,-0.10381360778605282,0.5801374919957396
USB,-0.5804163523638552,0.8829257702841882
Technology,-0.5710204760451371,0.8793473441598678
Wozniak,-0.41877843605185416,0.7883984812455644
RightNow,-0.5431455675947162,0.854800732147256
OSNews,0.7147662486930105,0.07702809813386446
SmartPhones,-0.11300542667868228,0.5937084577420064
Conficker,-0.7971747363016535,0.9421833600601065
EMEA,-0.36462392091088736,0.7789930040399627
Plugin,-0.8798066793429702,0.9606615374631524
hypervisor,1.2703792562169876,0.004814297770161402
CTIA,0.512088902837205,0.16776699469529976
Sanyo,0.687342398474832,0.07710339347536643
OnStar,0.23930932777457897,0.3268214946819906
WMT,0.17719931896945823,0.37090978652536866
Tablet,-0.44483626103167834,0.8068857472153057
Lync,0.6733533157815813,0.07124899291692954
Lockergnome,-0.3803019328438815,0.78181559027282
COMPAQ,0.20475452980765144,0.3337580249788431
Blockbuster,-0.4456781967614662,0.8347714691289587
DSLreports,-0.7514764927116356,0.9416248450829282
RADEON,0.6966895672736898,0.0896349905322269
CTO,-1.3697805197473238,0.9961468140057498
Xilisoft,0.28753150884296846,0.2826899826766247
HTPC,-0.8993268704784053,0.9628440742208665
Developer,-1.533201036995919,0.9987553357700066
NeXT,-1.1894940041549276,0.9940099688887708
Unicom,0.2769599282189504,0.28977076601970186
Teva,1.0981933267162645,0.013891877412106401
eMusic,0.5174709113909026,0.14925385274414982
Hacking,-1.2385227547129127,0.992920275452849
CMO,-0.3921750560295826,0.768674384324711
XING,-0.02959651869085665,0.5110115907434434
Corporations,-0.3908130610261785,0.7845178506703772
SocialTimes,0.1401787430383564,0.3866698370353381
Tiscali,0.28611210736746334,0.28790752197523406
Corporate,-0.2916955750007285,0.7273279707976894
Plesk,0.2055227350366825,0.3454216380482773
Meraki,0.4159824392053161,0.18111623566808355
PowerPage,-0.25180190724679563,0.6912172836465741
SlingPlayer,0.43822393111431357,0.18622472300771697
Nordstrom,1.479655509154463,0.001675327239195501
Reuters,-0.4162763052502964,0.7850972520545341
SlashGear,0.4426631820423697,0.18064067959109997
TheStreet.com,0.0860845920951589,0.4159739312535061
JPM,-0.29848525931822706,0.7211986013273662
corporations,-0.2627586620959506,0.6896791065591817
Skyhook,-0.8940179885639733,0.9617998452070409
vSphere,-0.2685757771286167,0.6980476692250964
Handsets,0.31801438825307327,0.2580424712240852
Optiplex,0.11531222803868531,0.4051449184079029
IKEA,0.6941516479259847,0.0769210993724696
UPS,0.23242310322905285,0.31117559800558015
TeleNav,0.5411235394005902,0.1479454376553384
Crestron,-0.4743802059783136,0.8230370719664495
Myriad,1.017593032642513,0.0241369200223297
DailyMotion,-0.5098222981041173,0.8530197646435232
Limewire,-0.11457928336677044,0.5765042682590285
Wi-Fi,-0.7299376737389981,0.9326969723654434
Interop,0.19826322946370414,0.3221640234785422
Gaming,-1.1858998990540346,0.9936418398432119
Devices,-0.8363878112682314,0.9513249654142591
Sagem,0.17159687577869193,0.3617887944326573
iriver,0.2039468094390548,0.33787518863383514
Router,-1.0057427864843314,0.9842162125932388
KVM,0.4518740928861041,0.18709170554957433
WebSphere,-1.3047819885957586,0.9958462131850413
browser,-0.8144358010111267,0.9505610355043828
PureView,-0.4427943262684009,0.786932289555498
MobileSyrup.com,-0.004121123997722019,0.5086918033988528
freemium,-0.7699299009428707,0.9383624399240321
Azure,0.6401880858676213,0.10559648905936092
Drupal,-1.0184332961845988,0.9798350193146905
Fiorina,1.1592587926346563,0.012596956129932946
smart-phone,0.2611153368229716,0.3006313275169129
TPG,-0.7646438722035757,0.9378828057641814
cyberattack,0.5820725758310463,0.12947398072923633
MacWorld,-0.7149099108719502,0.9187755928627599
Ogilvy,-0.44462099640580954,0.8172976869814431
Blip.tv,-0.36806702513485745,0.7705571061476358
mainboard,0.9957456560811419,0.020890204488488662
Revver,0.10478868496270093,0.4175607087205738
Heineken,-1.1367569654900647,0.9884073183592672
WSJ.com,0.10043697463079279,0.43013960771643267
ADBE,0.29021448857771054,0.2836961572717811
16GB,0.005111113813987314,0.48591892239795986
UNIX,-1.102579185241468,0.9835505964124973
Macs,0.03371943062859292,0.48142826929775695
Jobs,-0.6142378998644322,0.8960722384684936
icloud,-0.015150343429857539,0.5076712374709886
Wired,0.8335334007997696,0.04817595435689559
bit-tech,-0.2583183099307005,0.6996110050232172
Autoblog,-1.142133941224515,0.9895496073121706
GameFly,-0.46131026023329325,0.820027966919394
TigerDirect.com,-0.577895283762246,0.8747428663024659
Layar,0.4995327635034423,0.15691149379131597
MTNL,0.15439364574813946,0.3916915238714552
MWC,-0.9153019030761811,0.9674600819872692
myTouch,0.26479620608741883,0.2908069338481919
OverDrive,-0.18591911334175595,0.6386620354856988
ASIC,-0.2111129761180515,0.6729669874528365
Handspring,-0.3348313888209525,0.7451925894543767
64bit,-0.03791668049018124,0.5340930280383884
Incipio,0.5576688349126272,0.13888404000788568
PageRank,-0.29431631541054626,0.7104086057950563
iTMS,1.0761464550584434,0.011374734667060071
Carbonite,-0.318929986400031,0.7265025211198664
5G,-0.023614214279399772,0.5006796890325873
Cdma,0.5112404353843505,0.17269348061961787
next-gen,-0.7898101666199409,0.9463322335016503
PetaPixel,-0.6606002329797689,0.9135884424643823
Rezound,-0.0103623956368822,0.5123774081546306
B2C,0.9766439340360576,0.025166310451449236
Disqus,-0.0692752173657917,0.5640620106038807
TypePad,0.7035776688880727,0.08408755322337591
Namco,-0.18823495087820383,0.649525363475323
Pass4sure,-0.6079955710337253,0.8896587760994809
Viddy,-0.8220471867967056,0.9500044889317723
Intergraph,0.8438167859413069,0.041076474446831046
1TB,0.025630625945056197,0.45278486841108134
Aldi,0.35990965816123766,0.24664499929068606
i8910,0.3591033632785929,0.24597718581607353
64gb,0.13247343473921475,0.3736260917141644
MediaFire,-0.0494997872813776,0.549784238723529
SmugMug,-0.5564833559683013,0.8640516075997102
Kazaa,-0.24270075663391733,0.6816355069956396
Pentagon,-0.8079255377560798,0.9440780241959399
TurboTax,-0.04017526049544116,0.5493731679247912
Multi-Touch,0.1249454178202353,0.3912645730298504
Mobiles,-0.11463782743196238,0.5957234617626108
electric-car,0.009231745950992024,0.47742272060996227
Firewire,-0.011676069545084886,0.5104051110984424
Tecnologia,-0.8791647863351352,0.9620858170362532
Schlumberger,0.032675890008799856,0.47081301846256696
Ipad,0.38327613951502965,0.21564449837014688
Konica,-0.6012117820046026,0.8735695727028497
acer,-0.24996644226686526,0.6903059609822659
Betabeat,0.3554661399926132,0.24736318609597752
iPaq,0.0734004517961932,0.4379800760692423
FarmVille,1.0495705807015376,0.019002713629325263
US,-0.13294996365153955,0.6169107756536125
Unlocker,0.21013759261339995,0.33468555917614706
Nuffnang,0.34270559377251236,0.24563508700274972
Telepresence,0.062453531726187436,0.43137627766910225
WordPerfect,-0.16288634334119106,0.6336239525106399
Blackboard,0.23701151283401167,0.3087919022071641
Microgaming,-0.0022907781209532125,0.5062227467826215
Mobile,-0.5631975415037039,0.8549013198208645
Core2Duo,-0.5170594996193969,0.8514000687776775
VMworld,0.55393526567368,0.1416167997051272
Wired.com,-0.11474970013421057,0.5883993791368384
Third-Party,-0.4633931906074504,0.8143574954312203
Netcom,-0.2859222525218443,0.6819677908338341
Mitsubishi,-0.9949052821635577,0.9756567057211706
Virtualisation,0.26405228302692774,0.29789763986545825
OtterBox,-0.12887539315736965,0.5960430606042573
Z77,0.7830320793944343,0.055726210116189834
GameSpot,-1.208933128341985,0.9915241935339282
Gartenberg,-0.7415384118841306,0.9368769515187821
Qosmio,-0.5334640174370922,0.8689853277029469
Agere,0.9501873804875067,0.03209595582193714
I-Phone,0.30273032392324956,0.2840267356438918
The9,0.9127819026572677,0.03364374677457471
Corporation,-0.4873215890665128,0.8434082812349846
15GB,-0.2306294833612451,0.6765023488641315
WordPress,-0.37433862028818304,0.7750928610846705
BioWare,-0.22489429013789203,0.6722181143630022
Vendor,0.8832646350919525,0.03708450296122612
ebay,0.4055295012633995,0.22352508410461136
TechRepublic,-0.3546014901546654,0.7604583507265011
Cliq,0.6808438571030057,0.08358674613105999
Starwood,0.5441038244347645,0.13390189648414808
Bioware,-0.0074358600178230745,0.49381860415052936
adsense,-0.28044036809637185,0.7099606651776513
eco-system,0.9155942478767951,0.02957762411414988
algorithm,-0.8332353043138461,0.9496227798159753
Devs,-0.9546376466386561,0.9679579412507273
Documentum,-1.0657128533387445,0.9848012787937019
telecom,-0.4559033229678295,0.8360224326443125
codec,-0.6722787644786926,0.9112004840611592
social-media,1.1828634428440938,0.008715886287123609
DaimlerChrysler,-0.3728600127531265,0.7741093399103196
Handango,0.9485538608696638,0.026325624577609008
All-in-One,-0.3310421535726214,0.7279353708529097
MapQuest,0.05825564186303701,0.45981469967681765
Gaga,1.3393013661252506,0.0036475506396642654
Chen,-0.06835248644818304,0.547293414676139
SXSW,-0.44132948950092066,0.8196598143157527
Thermalright,-0.07434850019418325,0.5703824955921897
OSs,0.6953908666605395,0.08576935378813855
